"time_offset_ms","sid","cid","pid","vid","tally","votes_bidenj","votes_trumpd","votes_others"
0,14,1,1,1,1022,556,439,27
0,14,1,2,1,716,406,290,20
0,14,1,3,1,365,180,179,6
0,14,1,4,1,602,374,209,19
0,14,1,5,1,571,380,179,12
0,14,1,6,1,586,375,199,12
0,14,1,7,1,757,502,240,15
0,14,1,8,1,349,200,140,9
0,14,1,9,1,602,344,245,13
0,14,1,10,1,806,474,318,14
0,14,1,11,1,536,386,140,10
0,14,1,12,1,747,509,224,14
0,14,1,13,1,661,434,210,17
0,14,1,14,1,686,449,219,18
0,14,1,15,1,777,444,318,15
0,14,1,16,1,506,298,193,15
0,14,1,17,1,592,398,183,11
0,14,1,18,1,675,420,240,15
0,14,1,19,1,596,312,271,13
0,14,1,20,1,682,413,257,12
0,14,1,21,1,795,454,321,20
0,14,1,22,1,827,422,379,26
0,14,1,23,1,463,283,169,11
0,14,1,24,1,614,363,237,14
0,14,1,25,1,757,411,328,18
0,14,1,26,1,625,423,188,14
0,14,1,27,1,688,473,196,19
0,14,1,28,1,552,374,164,14
0,14,1,29,1,789,508,264,17
0,14,1,30,1,684,455,222,7
0,14,1,31,1,516,361,152,3
0,14,1,32,1,317,209,105,3
0,14,1,33,1,459,314,135,10
0,14,1,34,1,359,245,106,8
0,14,1,35,1,377,256,113,8
0,14,1,36,1,507,370,124,13
0,14,1,37,1,799,543,234,22
0,14,1,38,1,451,294,143,14
0,14,1,39,1,401,260,123,18
0,14,1,40,1,607,382,212,13
0,14,1,41,1,513,344,158,11
0,14,1,42,1,523,351,160,12
0,14,1,43,1,457,305,140,12
0,14,1,44,1,188,128,59,1
0,14,1,45,1,444,278,155,11
0,14,1,46,1,698,444,239,15
0,14,1,47,1,285,191,93,1
0,14,1,48,1,272,195,73,4
0,14,1,49,1,129,103,24,2
0,14,1,50,1,872,585,273,14
0,14,1,51,1,517,393,111,13
0,14,1,52,1,746,478,251,17
0,14,1,53,1,455,294,149,12
0,14,1,54,1,485,320,158,7
0,14,1,55,1,362,219,135,8
0,14,1,56,1,780,486,287,7
0,14,1,57,1,882,550,312,20
0,14,1,58,1,199,131,62,6
0,14,1,59,1,503,329,167,7
0,14,1,60,1,536,341,183,12
0,14,1,61,1,510,326,173,11
0,14,1,62,1,415,284,127,4
0,14,1,63,1,312,230,76,6
0,14,1,64,1,220,158,59,3
0,14,1,65,1,537,362,165,10
0,14,1,66,1,544,332,206,6
0,14,1,67,1,676,501,164,11
0,14,1,68,1,767,399,352,16
0,14,1,69,1,586,354,225,7
0,14,1,70,1,560,301,243,16
0,14,1,71,1,675,455,209,11
0,14,1,72,1,357,266,87,4
0,14,1,73,1,404,228,169,7
0,14,1,74,1,537,318,212,7
0,14,1,75,1,303,199,101,3
0,14,1,76,1,505,320,179,6
0,14,1,77,1,495,285,202,8
0,14,1,78,1,437,228,204,5
0,14,1,79,1,782,419,350,13
0,14,1,80,1,938,526,381,31
0,14,1,81,1,1264,662,570,32
0,14,1,82,1,589,278,297,14
0,14,1,83,1,447,266,174,7
0,14,1,84,1,861,472,362,27
0,14,1,85,1,790,411,354,25
0,14,1,86,1,618,338,273,7
0,14,1,87,1,506,282,212,12
0,14,1,88,1,23,17,6,0
0,14,1,89,1,613,370,224,19
0,14,1,90,1,812,517,284,11
0,14,1,91,1,513,259,242,12
0,14,1,92,1,731,400,319,12
0,14,1,93,1,708,545,154,9
0,14,1,94,1,224,150,70,4
0,14,1,95,1,282,208,65,9
0,14,1,96,1,653,387,255,11
0,14,1,97,1,570,300,260,10
0,14,1,98,1,306,184,116,6
0,14,1,99,1,782,447,326,9
0,14,1,100,1,555,314,229,12
0,14,1,101,1,471,392,61,18
0,14,1,102,1,329,264,48,17
0,14,1,103,1,746,571,158,17
0,14,1,104,1,184,143,33,8
0,14,1,105,1,222,169,48,5
0,14,1,106,1,635,480,148,7
0,14,1,107,1,493,409,72,12
0,14,1,108,1,370,206,156,8
0,14,1,109,1,51,35,13,3
0,14,1,110,1,702,415,267,20
0,14,1,111,1,374,211,150,13
0,14,1,112,1,594,306,276,12
0,14,1,113,1,734,384,326,24
0,14,1,114,1,726,320,385,21
0,14,1,115,1,835,439,386,10
0,14,1,116,1,659,324,325,10
0,14,1,117,1,714,423,279,12
0,14,1,118,1,958,503,433,22
0,14,1,119,1,761,483,259,19
0,14,1,120,1,651,416,214,21
0,14,1,121,1,884,697,172,15
0,14,1,122,1,296,239,50,7
0,14,1,123,1,584,500,69,15
0,14,1,124,1,441,362,70,9
0,14,1,125,1,450,367,72,11
0,14,1,126,1,351,252,93,6
0,14,1,127,1,1145,591,533,21
0,14,1,128,1,764,402,329,33
0,14,1,129,1,617,319,283,15
0,14,1,130,1,686,437,234,15
0,14,1,131,1,324,250,65,9
0,14,1,132,1,513,402,86,25
0,14,1,133,1,315,251,59,5
0,14,1,134,1,618,387,214,17
0,14,1,135,1,447,368,66,13
0,14,1,136,1,556,358,181,17
0,14,1,137,1,579,372,195,12
0,14,1,138,1,376,258,110,8
0,14,1,139,1,392,233,153,6
0,14,1,140,1,389,251,128,10
0,14,1,141,1,758,457,279,22
0,14,1,142,1,554,379,163,12
0,14,1,143,1,388,261,117,10
0,14,1,144,1,322,202,115,5
0,14,1,145,1,461,284,169,8
0,14,1,146,1,622,404,204,14
0,14,1,147,1,52,33,19,0
0,14,1,148,1,430,278,144,8
0,14,1,149,1,485,319,157,9
0,14,1,150,1,533,412,110,11
0,14,1,151,1,641,474,158,9
0,14,1,152,1,565,447,109,9
0,14,1,153,1,625,455,161,9
0,14,1,154,1,434,331,90,13
0,14,1,155,1,619,458,152,9
0,14,1,156,1,442,271,163,8
0,14,1,157,1,543,328,206,9
0,14,1,158,1,685,390,272,23
0,14,1,159,1,457,265,183,9
0,14,1,160,1,1146,647,484,15
0,14,1,161,1,375,250,108,17
0,14,1,162,1,825,650,156,19
0,14,1,163,1,330,258,64,8
0,14,1,164,1,397,306,84,7
0,14,1,165,1,376,321,44,11
0,14,1,166,1,340,306,25,9
0,14,1,167,1,710,412,279,19
0,14,1,168,1,543,337,195,11
0,14,1,169,1,473,276,187,10
0,14,1,170,1,748,425,302,21
0,14,1,171,1,798,503,278,17
0,14,1,172,1,512,280,223,9
0,14,1,173,1,516,307,203,6
0,14,1,174,1,678,377,287,14
0,14,1,175,1,611,352,249,10
0,14,1,176,1,818,481,321,16
0,14,1,177,1,888,504,365,19
0,14,1,178,1,495,288,198,9
0,14,1,179,1,831,429,382,20
0,14,1,180,1,347,250,91,6
0,14,1,181,1,306,250,52,4
0,14,1,182,1,462,316,135,11
0,14,1,183,1,521,384,131,6
0,14,1,184,1,517,373,131,13
0,14,1,185,1,696,511,165,20
0,14,1,186,1,784,579,195,10
0,14,1,187,1,615,482,126,7
0,14,1,188,1,282,219,55,8
0,14,1,189,1,390,238,143,9
0,14,1,190,1,372,254,108,10
0,14,1,191,1,402,268,125,9
0,14,1,192,1,475,378,89,8
0,14,1,193,1,529,374,141,14
0,14,1,194,1,571,385,172,14
0,14,1,195,1,384,295,83,6
0,14,1,196,1,302,200,97,5
0,14,1,197,1,503,372,114,17
0,14,1,198,1,333,242,82,9
0,14,1,199,1,486,327,141,18
0,14,1,200,1,319,164,147,8
0,14,1,201,1,620,302,308,10
0,14,1,202,1,753,386,346,21
0,14,1,203,1,489,275,193,21
0,14,1,204,1,693,397,278,18
0,14,1,205,1,1559,836,687,36
0,14,1,206,1,623,342,266,15
0,14,1,207,1,454,250,192,12
0,14,1,208,1,780,467,303,10
0,14,1,209,1,666,412,235,19
0,14,1,210,1,652,421,226,5
0,14,1,211,1,287,221,58,8
0,14,1,212,1,403,317,81,5
0,14,1,213,1,346,222,117,7
0,14,1,214,1,394,325,52,17
0,14,1,215,1,281,230,39,12
0,14,1,216,1,398,301,89,8
0,14,1,217,1,91,70,20,1
0,14,1,218,1,769,428,323,18
0,14,1,219,1,504,298,193,13
0,14,1,220,1,539,275,257,7
0,14,1,221,1,684,568,105,11
0,14,1,222,1,564,317,237,10
0,14,1,223,1,299,265,26,8
0,14,1,224,1,304,250,46,8
0,14,1,225,1,148,112,27,9
0,14,1,226,1,257,210,38,9
0,14,1,227,1,781,383,381,17
0,14,1,228,1,707,388,311,8
0,14,1,229,1,666,324,324,18
0,14,1,230,1,505,257,229,19
0,14,1,231,1,617,356,246,15
0,14,1,232,1,633,400,219,14
0,14,1,233,1,354,241,109,4
0,14,1,234,1,524,371,143,10
0,14,1,235,1,249,147,96,6
0,14,1,236,1,434,273,152,9
0,14,1,237,1,524,373,139,12
0,14,1,238,1,820,532,272,16
0,14,1,239,1,331,267,51,13
0,14,1,240,1,377,309,48,20
0,14,1,241,1,482,408,46,28
0,14,1,242,1,613,519,81,13
0,14,1,243,1,462,396,58,8
0,14,1,244,1,326,246,68,12
0,14,1,245,1,767,489,256,22
0,14,1,246,1,437,285,140,12
0,14,1,247,1,709,432,265,12
0,14,1,248,1,492,278,202,12
0,14,1,249,1,402,338,54,10
0,14,1,250,1,515,431,71,13
0,14,1,251,1,715,589,115,11
0,14,1,252,1,607,499,93,15
0,14,1,253,1,637,506,111,20
0,14,1,254,1,532,448,67,17
0,14,1,255,1,0,0,0,0
0,14,1,256,1,222,80,133,9
0,14,1,257,1,270,140,127,3
0,14,1,258,1,343,184,149,10
0,14,1,259,1,443,250,189,4
0,14,1,260,1,370,243,120,7
0,14,1,261,1,454,288,159,7
0,14,1,262,1,619,330,277,12
0,14,1,263,1,490,312,169,9
0,14,1,264,1,461,311,143,7
0,14,1,265,1,242,158,80,4
0,14,1,266,1,301,201,92,8
0,14,1,267,1,422,215,199,8
0,14,1,268,1,558,441,104,13
0,14,1,269,1,465,390,57,18
0,14,1,270,1,687,520,153,14
0,14,1,271,1,393,339,47,7
0,14,1,272,1,375,254,108,13
0,14,1,273,1,431,328,92,11
0,14,1,274,1,614,462,142,10
0,14,1,275,1,415,251,151,13
0,14,1,276,1,339,215,118,6
0,14,1,277,1,352,246,90,16
0,14,1,278,1,380,280,82,18
0,14,1,279,1,587,408,165,14
0,14,1,280,1,266,189,70,7
0,14,1,281,1,415,285,120,10
0,14,1,282,1,350,232,109,9
0,14,1,283,1,195,119,67,9
0,14,1,284,1,358,240,110,8
0,14,1,285,1,408,223,174,11
0,14,1,286,1,422,239,165,18
0,14,1,287,1,345,164,176,5
0,14,1,288,1,582,331,233,18
0,14,1,289,1,467,280,182,5
0,14,1,290,1,876,575,282,19
0,14,1,291,1,678,300,358,20
0,14,1,292,1,590,312,265,13
0,14,1,293,1,410,231,169,10
0,14,1,294,1,812,451,338,23
0,14,1,295,1,860,512,321,27
0,14,1,296,1,308,195,105,8
0,14,1,297,1,425,251,160,14
0,14,1,298,1,591,316,255,20
0,14,1,299,1,757,437,306,14
0,14,1,300,1,362,227,130,5
0,14,1,301,1,455,250,198,7
0,14,1,302,1,610,381,212,17
0,14,1,303,1,434,238,184,12
0,14,1,304,1,561,326,218,17
0,14,1,305,1,455,241,197,17
0,14,1,306,1,785,373,393,19
0,14,1,307,1,729,424,292,13
0,14,1,308,1,442,337,96,9
0,14,1,309,1,510,400,99,11
0,14,1,310,1,275,198,64,13
0,14,1,311,1,538,349,174,15
0,14,1,312,1,462,314,144,4
0,14,1,313,1,579,379,186,14
0,14,1,314,1,415,273,134,8
0,14,1,315,1,298,217,72,9
0,14,1,316,1,634,378,239,17
0,14,1,317,1,661,334,308,19
0,14,1,318,1,362,282,77,3
0,14,1,319,1,276,191,74,11
0,14,1,320,1,467,317,137,13
0,14,1,321,1,545,330,208,7
0,14,1,322,1,978,550,409,19
0,14,1,323,1,426,291,121,14
0,14,1,324,1,184,107,73,4
0,14,1,325,1,679,403,265,11
0,14,1,326,1,498,287,197,14
0,14,1,327,1,380,256,117,7
0,14,1,328,1,364,253,105,6
0,14,1,329,1,595,330,253,12
0,14,1,330,1,559,327,213,19
0,14,1,331,1,472,194,264,14
0,14,1,332,1,232,156,73,3
0,14,1,333,1,349,214,123,12
0,14,1,334,1,648,477,165,6
0,14,1,335,1,408,207,194,7
0,14,1,336,1,475,290,177,8
0,14,1,337,1,450,362,83,5
0,14,1,338,1,290,256,28,6
0,14,1,339,1,492,410,69,13
0,14,1,340,1,741,582,138,21
0,14,1,341,1,202,142,47,13
0,14,1,342,1,464,292,153,19
0,14,1,343,1,562,370,179,13
0,14,1,344,1,510,300,199,11
0,14,1,345,1,726,349,355,22
0,14,1,346,1,523,251,261,11
0,14,1,347,1,330,294,32,4
0,14,1,348,1,481,414,61,6
0,14,1,349,1,276,241,26,9
0,14,1,350,1,443,384,46,13
0,14,1,351,1,502,457,37,8
0,14,1,352,1,413,345,54,14
0,14,1,353,1,301,262,34,5
0,14,1,354,1,153,120,26,7
0,14,1,355,1,434,262,166,6
0,14,1,356,1,489,225,254,10
0,14,1,357,1,694,291,389,14
0,14,1,358,1,443,273,159,11
0,14,1,359,1,294,123,157,14
0,14,1,360,1,362,198,153,11
0,14,1,361,1,602,329,259,14
0,14,1,362,1,362,225,126,11
0,14,1,363,1,266,189,77,0
0,14,1,364,1,274,115,154,5
0,14,1,365,1,868,480,360,28
0,14,1,366,1,408,258,136,14
0,14,1,367,1,668,507,148,13
0,14,1,368,1,338,239,94,5
0,14,1,369,1,358,256,92,10
0,14,1,370,1,431,340,80,11
0,14,1,371,1,323,220,90,13
0,14,1,372,1,608,420,169,19
0,14,1,373,1,564,417,137,10
0,14,1,374,1,258,166,81,11
0,14,1,375,1,169,119,43,7
0,14,1,376,1,309,158,148,3
0,14,1,377,1,417,363,42,12
0,14,1,378,1,402,315,80,7
0,14,1,379,1,471,400,57,14
0,14,1,380,1,537,410,111,16
0,14,1,381,1,488,386,83,19
0,14,1,382,1,348,298,45,5
0,14,1,383,1,435,364,63,8
0,14,1,384,1,582,298,266,18
0,14,1,385,1,432,279,138,15
0,14,1,386,1,485,252,220,13
0,14,1,387,1,397,242,143,12
0,14,1,388,1,457,240,204,13
0,14,1,389,1,325,165,151,9
0,14,1,390,1,658,410,228,20
0,14,1,391,1,502,286,201,15
0,14,1,392,1,471,314,151,6
0,14,1,393,1,434,211,206,17
0,14,1,394,1,457,237,200,20
0,14,1,395,1,556,340,206,10
0,14,1,396,1,338,219,102,17
0,14,1,397,1,502,328,156,18
0,14,1,398,1,507,321,177,9
0,14,1,399,1,424,266,143,15
0,14,1,400,1,603,372,214,17
0,14,1,401,1,506,320,171,15
0,14,1,402,1,256,169,82,5
0,14,1,403,1,772,442,316,14
0,14,1,404,1,634,348,272,14
0,14,1,405,1,451,310,130,11
0,14,1,406,1,615,356,246,13
0,14,1,407,1,537,364,155,18
0,14,1,408,1,235,185,43,7
0,14,1,409,1,764,491,253,20
0,14,1,410,1,298,174,114,10
0,14,1,411,1,321,181,131,9
0,14,1,412,1,417,285,113,19
0,14,1,413,1,509,320,169,20
0,14,1,414,1,831,476,346,9
0,14,1,415,1,426,243,176,7
0,14,1,416,1,530,267,241,22
0,14,1,417,1,672,373,281,18
0,14,1,418,1,600,304,278,18
0,14,1,419,1,578,315,252,11
0,14,1,420,1,518,282,228,8
0,14,1,421,1,886,443,423,20
0,14,1,422,1,542,309,222,11
0,14,1,423,1,607,284,308,15
0,14,1,424,1,696,443,239,14
0,14,1,425,1,552,298,230,24
0,14,1,426,1,660,352,289,19
0,14,1,427,1,457,295,146,16
0,14,1,428,1,635,446,171,18
0,14,1,429,1,406,247,149,10
0,14,1,430,1,320,204,103,13
0,14,1,431,1,615,390,210,15
0,14,1,432,1,449,277,159,13
0,14,1,433,1,280,196,81,3
0,14,1,434,1,190,129,49,12
0,14,1,435,1,877,588,260,29
0,14,1,436,1,315,185,124,6
0,14,1,437,1,441,289,140,12
0,14,1,438,1,445,303,132,10
0,14,1,439,1,417,265,136,16
0,14,1,440,1,376,231,132,13
0,14,1,441,1,437,254,166,17
0,14,1,442,1,482,299,169,14
0,14,1,443,1,846,360,464,22
0,14,1,444,1,310,182,120,8
0,14,1,445,1,286,176,101,9
0,14,1,446,1,473,243,216,14
0,14,1,447,1,465,303,153,9
0,14,1,448,1,438,279,150,9
0,14,1,449,1,711,461,236,14
0,14,1,450,1,373,205,157,11
0,14,1,451,1,889,545,326,18
0,14,1,452,1,502,265,225,12
0,14,1,453,1,699,362,317,20
0,14,1,454,1,473,239,223,11
0,14,1,455,1,463,283,170,10
0,14,1,456,1,848,499,326,23
0,14,1,457,1,427,269,147,11
0,14,1,458,1,348,212,125,11
0,14,1,459,1,419,229,175,15
0,14,1,460,1,349,217,125,7
0,14,1,461,1,751,490,244,17
0,14,1,462,1,555,292,245,18
0,14,1,463,1,388,191,186,11
0,14,1,464,1,692,386,295,11
0,14,1,465,1,717,318,379,20
0,14,1,466,1,681,398,266,17
0,14,1,467,1,457,252,195,10
0,14,1,468,1,340,175,160,5
0,14,1,469,1,405,259,137,9
0,14,1,470,1,311,165,137,9
0,14,1,471,1,604,391,196,17
0,14,1,472,1,626,333,271,22
0,14,1,473,1,775,520,235,20
0,14,1,474,1,670,419,232,19
0,14,1,475,1,542,230,294,18
0,14,1,476,1,777,430,333,14
0,14,1,477,1,354,232,106,16
0,14,1,478,1,659,328,317,14
0,14,1,479,1,588,318,245,25
0,14,1,480,1,609,376,215,18
0,14,1,481,1,727,383,328,16
0,14,1,482,1,394,226,154,14
0,14,1,483,1,601,323,265,13
0,14,1,484,1,689,376,294,19
0,14,1,485,1,823,429,373,21
0,14,1,486,1,608,265,321,22
0,14,1,487,1,439,249,176,14
0,14,1,488,1,369,232,125,12
0,14,1,489,1,515,306,199,10
0,14,1,490,1,459,276,176,7
0,14,1,491,1,592,354,218,20
0,14,1,492,1,416,244,161,11
0,14,1,493,1,524,337,180,7
0,14,1,494,1,657,407,232,18
0,14,1,495,1,583,334,239,10
0,14,1,496,1,734,399,313,22
0,14,1,497,1,602,283,307,12
0,14,1,498,1,661,404,242,15
0,14,1,499,1,409,245,148,16
0,14,1,500,1,410,247,148,15
0,14,1,501,1,476,271,184,21
0,14,1,502,1,442,260,162,20
0,14,1,503,1,437,239,190,8
0,14,1,504,1,415,242,166,7
0,14,1,505,1,308,182,123,3
0,14,1,506,1,755,425,313,17
0,14,1,507,1,624,312,299,13
0,14,1,508,1,767,415,338,14
0,14,1,509,1,296,155,130,11
0,14,1,510,1,701,381,300,20
0,14,1,511,1,466,225,234,7
0,14,1,512,1,492,262,215,15
0,14,1,513,1,549,260,278,11
0,14,1,514,1,781,406,355,20
0,14,1,515,1,388,223,155,10
0,14,1,516,1,428,242,173,13
0,14,1,517,1,732,392,315,25
0,14,1,518,1,416,212,193,11
0,14,1,519,1,558,275,263,20
0,14,1,520,1,307,148,147,12
0,14,1,521,1,677,409,253,15
0,14,1,522,1,742,403,321,18
0,14,1,523,1,268,132,132,4
0,14,1,524,1,286,131,147,8
0,14,1,525,1,781,474,289,18
0,14,1,526,1,784,457,311,16
0,14,1,527,1,544,335,186,23
0,14,1,528,1,519,297,207,15
0,14,1,529,1,438,268,157,13
0,14,1,530,1,653,355,276,22
0,14,1,531,1,496,287,195,14
0,14,1,532,1,358,200,142,16
0,14,1,533,1,434,257,163,14
0,14,1,534,1,789,489,278,22
0,14,1,535,1,536,332,193,11
0,14,1,536,1,854,473,353,28
0,14,1,537,1,724,261,449,14
0,14,1,538,1,558,306,230,22
0,14,1,539,1,404,249,142,13
0,14,1,540,1,677,391,270,16
0,14,1,541,1,606,352,238,16
0,14,1,542,1,619,310,293,16
0,14,1,543,1,580,334,231,15
0,14,1,544,1,531,285,225,21
0,14,1,545,1,724,417,286,21
0,14,1,546,1,622,368,240,14
0,14,1,547,1,216,109,104,3
0,14,1,548,1,622,320,284,18
0,14,1,549,1,683,303,352,28
0,14,1,550,1,490,265,213,12
0,14,1,551,1,514,295,201,18
0,14,1,552,1,543,269,261,13
0,14,1,553,1,612,284,314,14
0,14,1,554,1,546,296,240,10
0,14,1,555,1,723,383,325,15
0,14,1,556,1,577,265,304,8
0,14,1,557,1,358,212,138,8
0,14,1,558,1,681,418,244,19
0,14,1,559,1,377,185,185,7
0,14,1,560,1,439,225,201,13
0,14,1,561,1,620,347,265,8
0,14,1,562,1,707,374,324,9
0,14,1,563,1,117,54,61,2
0,14,1,564,1,529,214,308,7
0,14,1,565,1,815,506,288,21
0,14,1,566,1,348,184,149,15
0,14,1,567,1,448,209,225,14
0,14,1,568,1,418,200,209,9
0,14,1,569,1,369,181,174,14
0,14,1,570,1,510,292,205,13
0,14,1,571,1,737,324,395,18
0,14,1,572,1,577,275,282,20
0,14,1,573,1,630,252,362,16
0,14,1,574,1,501,235,253,13
0,14,1,575,1,631,294,305,32
0,14,1,576,1,485,219,251,15
0,14,1,577,1,463,332,117,14
0,14,1,578,1,364,160,192,12
0,14,1,579,1,493,225,256,12
0,14,1,580,1,379,203,169,7
0,14,1,581,1,403,229,170,4
0,14,1,582,1,615,376,227,12
0,14,1,583,1,420,276,137,7
0,14,1,584,1,595,298,288,9
0,14,1,585,1,812,440,355,17
0,14,1,586,1,775,406,355,14
0,14,1,587,1,135,91,40,4
0,14,1,588,1,795,347,419,29
0,14,1,589,1,492,280,203,9
0,14,1,590,1,750,356,380,14
0,14,1,591,1,686,272,394,20
0,14,1,592,1,371,148,213,10
0,14,1,593,1,636,205,420,11
0,14,1,594,1,375,148,224,3
0,14,1,595,1,473,270,196,7
0,14,1,596,1,252,179,69,4
0,14,1,597,1,761,384,358,19
0,14,1,598,1,502,260,224,18
0,14,1,599,1,601,311,281,9
0,14,1,600,1,303,226,72,5
0,14,1,601,1,412,244,160,8
0,14,1,602,1,549,292,239,18
0,14,1,603,1,470,277,182,11
0,14,1,604,1,530,182,335,13
0,14,1,605,1,327,202,120,5
0,14,1,606,1,770,404,354,12
0,14,1,607,1,507,267,232,8
0,14,1,608,1,556,304,242,10
0,14,2,609,1,408,115,289,4
0,14,2,610,1,473,91,374,8
0,14,2,611,1,305,102,199,4
0,14,2,612,1,226,52,173,1
0,14,2,613,1,268,76,189,3
0,14,2,614,1,138,31,104,3
0,14,2,615,1,278,74,199,5
0,14,2,616,1,175,36,134,5
0,14,2,617,1,55,18,37,0
0,14,3,618,1,458,75,381,2
0,14,3,619,1,426,108,305,13
0,14,3,620,1,498,139,352,7
0,14,3,621,1,417,121,289,7
0,14,3,622,1,507,119,376,12
0,14,3,623,1,470,125,336,9
0,14,3,624,1,645,150,484,11
0,14,3,625,1,630,147,472,11
0,14,3,626,1,849,196,644,9
0,14,3,627,1,676,91,578,7
0,14,3,628,1,369,81,284,4
0,14,3,629,1,409,58,349,2
0,14,3,630,1,558,176,373,9
0,14,3,631,1,463,167,288,8
0,14,3,632,1,277,82,185,10
0,14,3,633,1,304,82,216,6
0,14,3,634,1,448,102,344,2
0,14,3,635,1,424,113,298,13
0,14,3,636,1,607,151,443,13
0,14,3,637,1,550,192,342,16
0,14,3,638,1,354,112,239,3
0,14,3,639,1,197,77,118,2
0,14,3,640,1,251,96,148,7
0,14,3,641,1,453,155,292,6
0,14,3,642,1,211,76,130,5
0,14,3,643,1,286,88,192,6
0,14,3,644,1,218,92,122,4
0,14,3,645,1,351,129,215,7
0,14,3,646,1,567,116,440,11
0,14,3,647,1,804,183,610,11
0,14,3,648,1,237,104,131,2
0,14,3,649,1,259,105,143,11
0,14,3,650,1,18,2,16,0
0,14,3,651,1,18,2,16,0
0,14,3,652,1,113,17,94,2
0,14,3,653,1,7,0,7,0
0,14,3,654,1,139,59,76,4
0,14,3,655,1,382,127,248,7
0,14,3,656,1,196,110,80,6
0,14,3,657,1,251,123,120,8
0,14,3,658,1,260,120,131,9
0,14,3,659,1,295,154,133,8
0,14,3,660,1,327,55,268,4
0,14,3,661,1,377,129,240,8
0,14,3,662,1,256,42,210,4
0,14,3,663,1,191,60,130,1
0,14,3,664,1,196,79,115,2
0,14,3,665,1,330,120,207,3
0,14,3,666,1,247,79,166,2
0,14,3,667,1,435,120,303,12
0,14,3,668,1,296,84,207,5
0,14,3,669,1,273,114,151,8
0,14,3,670,1,560,189,362,9
0,14,3,671,1,283,73,206,4
0,14,3,672,1,604,181,407,16
0,14,3,673,1,236,84,148,4
0,14,3,674,1,190,93,90,7
0,14,3,675,1,555,130,413,12
0,14,3,676,1,414,96,312,6
0,14,3,677,1,223,37,182,4
0,14,3,678,1,81,3,77,1
0,14,3,679,1,267,43,223,1
0,14,3,680,1,250,48,199,3
0,14,4,681,1,128,18,106,4
0,14,4,682,1,207,104,100,3
0,14,4,683,1,67,30,37,0
0,14,4,684,1,290,68,216,6
0,14,4,685,1,804,561,218,25
0,14,4,686,1,136,45,85,6
0,14,4,687,1,457,156,291,10
0,14,4,688,1,413,211,197,5
0,14,4,689,1,451,215,223,13
0,14,4,690,1,433,188,234,11
0,14,4,691,1,592,284,295,13
0,14,4,692,1,293,147,143,3
0,14,4,693,1,270,119,145,6
0,14,4,694,1,430,118,306,6
0,14,4,695,1,382,97,281,4
0,14,4,696,1,346,134,208,4
0,14,4,697,1,493,437,42,14
0,14,4,698,1,170,102,66,2
0,14,4,699,1,272,74,196,2
0,14,4,700,1,403,327,68,8
0,14,4,701,1,201,161,34,6
0,14,4,702,1,179,149,29,1
0,14,4,703,1,61,52,4,5
0,14,4,704,1,247,210,35,2
0,14,4,705,1,140,116,24,0
0,14,4,706,1,247,185,57,5
0,14,4,707,1,157,65,90,2
0,14,4,708,1,408,184,217,7
0,14,4,709,1,226,188,28,10
0,14,5,710,1,439,171,254,14
0,14,5,711,1,321,164,150,7
0,14,5,712,1,252,112,133,7
0,14,5,713,1,289,114,172,3
0,14,5,714,1,429,205,219,5
0,14,5,715,1,215,72,137,6
0,14,5,716,1,676,305,357,14
0,14,5,717,1,183,79,97,7
0,14,5,718,1,94,26,68,0
0,14,5,719,1,148,73,73,2
0,14,5,720,1,178,77,97,4
0,14,5,721,1,103,47,53,3
0,14,5,722,1,161,70,89,2
0,14,5,723,1,328,127,193,8
0,14,5,724,1,528,220,289,19
0,14,5,725,1,254,134,115,5
0,14,5,726,1,82,40,41,1
0,14,5,727,1,107,71,29,7
0,14,5,728,1,273,149,119,5
0,14,5,729,1,441,173,258,10
0,14,5,730,1,515,182,328,5
0,14,6,731,1,112,9,102,1
0,14,6,732,1,144,11,133,0
0,14,6,733,1,154,27,123,4
0,14,6,734,1,435,39,388,8
0,14,6,735,1,240,64,171,5
0,14,6,736,1,175,99,68,8
0,14,6,737,1,327,204,113,10
0,14,6,738,1,510,239,255,16
0,14,6,739,1,438,214,210,14
0,14,6,740,1,363,63,295,5
0,14,6,741,1,847,263,572,12
0,14,6,742,1,568,213,337,18
0,14,6,743,1,381,121,255,5
0,14,6,744,1,456,136,308,12
0,14,6,745,1,467,166,287,14
0,14,6,746,1,37,0,37,0
0,14,6,747,1,641,142,483,16
0,14,6,748,1,1653,408,1214,31
0,14,6,749,1,911,191,698,22
0,14,6,750,1,370,148,210,12
0,14,6,751,1,424,152,265,7
0,14,6,752,1,222,84,129,9
0,14,6,753,1,413,65,338,10
0,14,6,754,1,970,266,682,22
0,14,6,755,1,156,92,58,6
0,14,6,756,1,218,95,115,8
0,14,6,757,1,116,47,68,1
0,14,6,758,1,165,75,85,5
0,14,6,759,1,252,116,124,12
0,14,6,760,1,274,36,238,0
0,14,6,761,1,307,95,197,15
0,14,6,762,1,280,50,224,6
0,14,6,763,1,485,91,388,6
0,14,6,764,1,93,7,86,0
0,14,6,765,1,598,82,507,9
0,14,6,766,1,180,26,149,5
0,14,6,767,1,719,171,532,16
0,14,7,768,1,76,7,68,1
0,14,7,769,1,427,80,337,10
0,14,7,770,1,277,69,205,3
0,14,7,771,1,121,75,46,0
0,14,8,772,1,281,136,141,4
0,14,8,773,1,286,152,131,3
0,14,8,774,1,277,138,134,5
0,14,8,775,1,579,364,202,13
0,14,8,776,1,300,160,131,9
0,14,8,777,1,338,126,197,15
0,14,8,778,1,667,368,281,18
0,14,8,779,1,354,233,116,5
0,14,8,780,1,244,167,73,4
0,14,8,781,1,161,109,48,4
0,14,8,782,1,409,292,110,7
0,14,8,783,1,287,188,97,2
0,14,8,784,1,362,287,71,4
0,14,8,785,1,945,490,442,13
0,14,8,786,1,819,448,359,12
0,14,8,787,1,492,323,163,6
0,14,8,788,1,669,398,255,16
0,14,8,789,1,655,425,224,6
0,14,8,790,1,555,239,305,11
0,14,8,791,1,705,391,290,24
0,14,8,792,1,825,406,412,7
0,14,8,793,1,559,297,247,15
0,14,8,794,1,477,305,161,11
0,14,8,795,1,542,334,198,10
0,14,8,796,1,361,230,123,8
0,14,8,797,1,377,208,160,9
0,14,8,798,1,459,299,151,9
0,14,8,799,1,601,434,148,19
0,14,8,800,1,226,173,45,8
0,14,8,801,1,411,275,125,11
0,14,8,802,1,461,316,136,9
0,14,8,803,1,121,79,36,6
0,14,8,804,1,444,291,139,14
0,14,8,805,1,802,517,266,19
0,14,8,806,1,295,212,72,11
0,14,8,807,1,171,120,45,6
0,14,8,808,1,365,271,84,10
0,14,8,809,1,255,170,77,8
0,14,8,810,1,423,276,137,10
0,14,8,811,1,565,346,205,14
0,14,8,812,1,240,174,63,3
0,14,8,813,1,213,150,55,8
0,14,8,814,1,298,189,102,7
0,14,8,815,1,342,217,121,4
0,14,8,816,1,363,237,111,15
0,14,8,817,1,298,201,88,9
0,14,8,818,1,406,277,116,13
0,14,8,819,1,540,388,135,17
0,14,8,820,1,359,230,123,6
0,14,8,821,1,236,162,66,8
0,14,8,822,1,376,256,111,9
0,14,8,823,1,805,525,250,30
0,14,8,824,1,461,303,135,23
0,14,8,825,1,160,111,44,5
0,14,8,826,1,691,412,259,20
0,14,8,827,1,448,288,149,11
0,14,8,828,1,528,314,201,13
0,14,8,829,1,177,109,63,5
0,14,8,830,1,741,409,314,18
0,14,8,831,1,141,72,67,2
0,14,8,832,1,601,366,215,20
0,14,8,833,1,765,395,355,15
0,14,8,834,1,704,317,377,10
0,14,8,835,1,298,137,151,10
0,14,8,836,1,444,274,157,13
0,14,8,837,1,570,272,283,15
0,14,8,838,1,650,402,231,17
0,14,8,839,1,376,240,125,11
0,14,8,840,1,486,293,174,19
0,14,8,841,1,340,218,115,7
0,14,8,842,1,542,318,209,15
0,14,8,843,1,265,150,110,5
0,14,8,844,1,532,300,219,13
0,14,8,845,1,420,197,214,9
0,14,8,846,1,448,222,218,8
0,14,8,847,1,382,220,149,13
0,14,8,848,1,426,255,162,9
0,14,8,849,1,607,343,250,14
0,14,8,850,1,559,351,202,6
0,14,8,851,1,233,180,51,2
0,14,8,852,1,183,72,110,1
0,14,8,853,1,474,313,150,11
0,14,8,854,1,825,459,353,13
0,14,8,855,1,579,293,273,13
0,14,8,856,1,609,318,284,7
0,14,8,857,1,647,348,286,13
0,14,8,858,1,362,158,202,2
0,14,8,859,1,236,136,92,8
0,14,8,860,1,580,326,244,10
0,14,8,861,1,580,342,226,12
0,14,8,862,1,425,261,156,8
0,14,8,863,1,145,102,31,12
0,14,8,864,1,153,110,36,7
0,14,8,865,1,324,226,86,12
0,14,8,866,1,107,42,64,1
0,14,8,867,1,710,354,343,13
0,14,8,868,1,522,376,133,13
0,14,8,869,1,510,231,266,13
0,14,8,870,1,864,445,396,23
0,14,8,871,1,515,229,279,7
0,14,8,872,1,850,495,335,20
0,14,8,873,1,526,262,248,16
0,14,8,874,1,618,364,233,21
0,14,8,875,1,403,232,166,5
0,14,8,876,1,1398,724,645,29
0,14,8,877,1,501,283,212,6
0,14,8,878,1,876,407,459,10
0,14,8,879,1,266,146,111,9
0,14,8,880,1,465,272,184,9
0,14,8,881,1,462,248,207,7
0,14,8,882,1,130,40,82,8
0,14,8,883,1,1001,503,472,26
0,14,8,884,1,639,370,255,14
0,14,8,885,1,349,195,147,7
0,14,8,886,1,559,221,321,17
0,14,8,887,1,1122,587,513,22
0,14,8,888,1,530,306,200,24
0,14,8,889,1,885,473,393,19
0,14,8,890,1,537,278,242,17
0,14,8,891,1,92,40,47,5
0,14,8,892,1,307,162,139,6
0,14,8,893,1,831,463,350,18
0,14,8,894,1,636,239,381,16
0,14,8,895,1,583,276,294,13
0,14,8,896,1,745,386,340,19
0,14,8,897,1,597,352,232,13
0,14,8,898,1,585,343,226,16
0,14,8,899,1,518,235,269,14
0,14,8,900,1,577,327,230,20
0,14,8,901,1,732,354,362,16
0,14,8,902,1,559,291,249,19
0,14,8,903,1,356,185,157,14
0,14,8,904,1,397,239,149,9
0,14,8,905,1,409,217,184,8
0,14,8,906,1,389,251,128,10
0,14,8,907,1,571,312,250,9
0,14,8,908,1,586,349,227,10
0,14,8,909,1,331,214,112,5
0,14,8,910,1,937,525,399,13
0,14,8,911,1,476,257,212,7
0,14,8,912,1,668,319,343,6
0,14,8,913,1,859,443,396,20
0,14,8,914,1,713,420,272,21
0,14,8,915,1,349,199,144,6
0,14,8,916,1,843,486,341,16
0,14,8,917,1,485,231,248,6
0,14,8,918,1,366,240,118,8
0,14,8,919,1,644,376,256,12
0,14,8,920,1,376,259,106,11
0,14,8,921,1,462,278,175,9
0,14,8,922,1,375,246,123,6
0,14,8,923,1,600,314,273,13
0,14,8,924,1,705,376,322,7
0,14,8,925,1,384,286,83,15
0,14,8,926,1,223,152,69,2
0,14,8,927,1,240,174,60,6
0,14,8,928,1,555,416,132,7
0,14,8,929,1,347,281,61,5
0,14,8,930,1,356,273,72,11
0,14,8,931,1,317,229,83,5
0,14,8,932,1,445,216,223,6
0,14,8,933,1,692,453,226,13
0,14,8,934,1,351,231,116,4
0,14,8,935,1,393,255,126,12
0,14,8,936,1,363,178,183,2
0,14,8,937,1,560,296,253,11
0,14,8,938,1,370,284,75,11
0,14,8,939,1,408,307,89,12
0,14,8,940,1,434,332,93,9
0,14,8,941,1,481,376,92,13
0,14,9,942,1,715,126,584,5
0,14,9,943,1,860,278,573,9
0,14,9,944,1,417,95,317,5
0,14,9,945,1,1101,181,905,15
0,14,9,946,1,1022,119,887,16
0,14,9,947,1,882,112,758,12
0,14,9,948,1,1297,203,1072,22
0,14,9,949,1,622,65,552,5
0,14,9,950,1,566,168,390,8
0,14,9,951,1,460,237,217,6
0,14,9,952,1,285,133,146,6
0,14,9,953,1,107,53,52,2
0,14,9,954,1,492,213,271,8
0,14,9,955,1,245,105,133,7
0,14,9,956,1,438,157,277,4
0,14,9,957,1,597,186,401,10
0,14,9,958,1,620,187,419,14
0,14,9,959,1,580,156,410,14
0,14,9,960,1,490,142,341,7
0,14,9,961,1,441,123,310,8
0,14,9,962,1,308,102,200,6
0,14,9,963,1,451,160,285,6
0,14,9,964,1,272,75,194,3
0,14,9,965,1,451,124,316,11
0,14,9,966,1,773,208,549,16
0,14,9,967,1,860,194,653,13
0,14,9,968,1,38,1,33,4
0,14,9,969,1,61,7,54,0
0,14,9,970,1,828,234,583,11
0,14,9,971,1,974,212,752,10
0,14,9,972,1,1145,189,940,16
0,14,9,973,1,625,122,498,5
0,14,9,974,1,669,92,569,8
0,14,9,975,1,836,154,666,16
0,14,9,976,1,115,30,85,0
0,14,9,977,1,333,47,281,5
0,14,9,978,1,124,6,117,1
0,14,9,979,1,457,52,398,7
0,14,9,980,1,38,2,36,0
0,14,9,981,1,1130,254,856,20
0,14,9,982,1,497,120,374,3
0,14,10,983,1,377,72,299,6
0,14,10,984,1,407,159,239,9
0,14,10,985,1,39,24,14,1
0,14,10,986,1,84,48,36,0
0,14,10,987,1,739,304,414,21
0,14,10,988,1,63,15,46,2
0,14,10,989,1,338,177,154,7
0,14,10,990,1,582,239,331,12
0,14,10,991,1,196,118,75,3
0,14,10,992,1,167,74,90,3
0,14,10,993,1,580,196,376,8
0,14,10,994,1,594,290,292,12
0,14,10,995,1,771,379,375,17
0,14,10,996,1,644,374,254,16
0,14,10,997,1,673,387,265,21
0,14,10,998,1,619,344,258,17
0,14,10,999,1,287,135,150,2
0,14,10,1000,1,359,268,86,5
0,14,10,1001,1,303,208,82,13
0,14,10,1002,1,531,388,135,8
0,14,10,1003,1,150,118,29,3
0,14,10,1004,1,558,380,168,10
0,14,10,1005,1,203,87,114,2
0,14,10,1006,1,245,136,105,4
0,14,10,1007,1,309,226,79,4
0,14,10,1008,1,296,196,94,6
0,14,10,1009,1,259,183,68,8
0,14,10,1010,1,403,273,116,14
0,14,10,1011,1,313,168,140,5
0,14,10,1012,1,426,160,263,3
0,14,10,1013,1,45,6,38,1
0,14,10,1014,1,161,111,47,3
0,14,10,1015,1,374,147,218,9
0,14,10,1016,1,346,216,124,6
0,14,10,1017,1,76,19,56,1
0,14,10,1018,1,386,186,195,5
0,14,10,1019,1,422,164,247,11
0,14,10,1020,1,737,411,318,8
0,14,10,1021,1,373,204,163,6
0,14,11,1022,1,582,318,255,9
0,14,11,1023,1,550,304,236,10
0,14,11,1024,1,475,260,203,12
0,14,11,1025,1,190,115,74,1
0,14,11,1026,1,392,237,149,6
0,14,12,1027,1,185,46,138,1
0,14,12,1028,1,297,131,160,6
0,14,12,1029,1,23,2,21,0
0,14,13,1030,1,462,210,242,10
0,14,13,1031,1,316,192,122,2
0,14,13,1032,1,501,284,209,8
0,14,13,1033,1,194,28,166,0
0,14,13,1034,1,147,59,80,8
0,14,13,1035,1,354,50,301,3
0,14,14,1036,1,21,1,20,0
0,14,14,1037,1,553,54,496,3
0,14,14,1038,1,459,66,390,3
0,14,14,1039,1,725,101,614,10
0,14,14,1040,1,297,80,212,5
0,14,14,1041,1,256,60,188,8
0,14,14,1042,1,804,138,657,9
0,14,14,1043,1,489,115,369,5
0,14,14,1044,1,505,67,435,3
0,14,14,1045,1,237,83,149,5
0,14,14,1046,1,264,69,190,5
0,14,14,1047,1,327,29,294,4
0,14,14,1048,1,421,65,355,1
0,14,14,1049,1,543,79,458,6
0,14,14,1050,1,280,21,257,2
0,14,14,1051,1,944,134,793,17
0,14,14,1052,1,783,149,620,14
0,14,14,1053,1,455,72,376,7
0,14,14,1054,1,462,81,376,5
0,14,14,1055,1,829,108,706,15
0,14,14,1056,1,616,66,546,4
0,14,14,1057,1,352,69,279,4
0,14,14,1058,1,523,105,403,15
0,14,14,1059,1,338,61,271,6
0,14,14,1060,1,518,138,372,8
0,14,14,1061,1,488,91,392,5
0,14,14,1062,1,486,117,358,11
0,14,14,1063,1,160,52,104,4
0,14,14,1064,1,214,71,143,0
0,14,14,1065,1,362,102,252,8
0,14,14,1066,1,883,221,634,28
0,14,14,1067,1,464,93,360,11
0,14,14,1068,1,586,113,460,13
0,14,14,1069,1,403,91,301,11
0,14,14,1070,1,233,93,138,2
0,14,14,1071,1,306,100,198,8
0,14,14,1072,1,446,181,257,8
0,14,14,1073,1,235,83,151,1
0,14,14,1074,1,152,60,88,4
0,14,14,1075,1,311,29,277,5
0,14,14,1076,1,440,51,385,4
0,14,14,1077,1,144,91,52,1
0,14,14,1078,1,57,21,35,1
0,14,14,1079,1,388,127,258,3
0,14,14,1080,1,262,37,222,3
0,14,14,1081,1,543,73,465,5
0,14,14,1082,1,625,61,554,10
0,14,14,1083,1,463,60,392,11
0,14,14,1084,1,266,32,229,5
0,14,15,1085,1,219,47,170,2
0,14,15,1086,1,224,103,117,4
0,14,15,1087,1,815,173,634,8
0,14,15,1088,1,382,120,255,7
0,14,15,1089,1,1047,301,734,12
0,14,15,1090,1,739,203,522,14
0,14,15,1091,1,954,348,586,20
0,14,15,1092,1,790,254,516,20
0,14,15,1093,1,898,366,512,20
0,14,15,1094,1,239,87,145,7
0,14,15,1095,1,668,224,431,13
0,14,15,1096,1,353,84,265,4
0,14,15,1097,1,351,134,212,5
0,14,15,1098,1,544,149,388,7
0,14,15,1099,1,237,64,170,3
0,14,15,1100,1,144,52,89,3
0,14,15,1101,1,344,72,269,3
0,14,15,1102,1,162,63,93,6
0,14,15,1103,1,191,39,151,1
0,14,15,1104,1,250,70,178,2
0,14,15,1105,1,602,195,398,9
0,14,15,1106,1,153,46,107,0
0,14,16,1107,1,692,399,268,25
0,14,16,1108,1,634,304,298,32
0,14,16,1109,1,509,302,194,13
0,14,16,1110,1,438,245,179,14
0,14,16,1111,1,771,422,321,28
0,14,16,1112,1,584,296,245,43
0,14,16,1113,1,437,255,164,18
0,14,16,1114,1,674,416,232,26
0,14,16,1115,1,442,310,119,13
0,14,16,1116,1,844,510,297,37
0,14,16,1117,1,723,394,305,24
0,14,16,1118,1,555,375,165,15
0,14,16,1119,1,623,405,193,25
0,14,16,1120,1,688,410,246,32
0,14,16,1121,1,719,489,216,14
0,14,16,1122,1,645,428,187,30
0,14,16,1123,1,665,455,186,24
0,14,16,1124,1,342,247,86,9
0,14,16,1125,1,495,329,143,23
0,14,16,1126,1,327,226,92,9
0,14,16,1127,1,486,337,142,7
0,14,17,1128,1,243,108,132,3
0,14,17,1129,1,581,190,378,13
0,14,17,1130,1,800,271,517,12
0,14,17,1131,1,465,279,179,7
0,14,17,1132,1,423,174,240,9
0,14,17,1133,1,568,277,275,16
0,14,17,1134,1,434,201,228,5
0,14,17,1135,1,509,314,180,15
0,14,17,1136,1,487,225,257,5
0,14,17,1137,1,465,199,259,7
0,14,17,1138,1,442,240,194,8
0,14,17,1139,1,494,281,207,6
0,14,17,1140,1,641,194,434,13
0,14,17,1141,1,649,252,389,8
0,14,17,1142,1,127,71,52,4
0,14,17,1143,1,448,138,309,1
0,14,17,1144,1,327,149,178,0
0,14,18,1145,1,464,364,91,9
0,14,18,1146,1,267,172,85,10
0,14,18,1147,1,184,110,71,3
0,14,18,1148,1,412,309,91,12
0,14,18,1149,1,764,595,157,12
0,14,18,1150,1,898,694,180,24
0,14,18,1151,1,575,462,100,13
0,14,18,1152,1,315,241,61,13
0,14,18,1153,1,576,439,119,18
0,14,18,1154,1,478,368,99,11
0,14,18,1155,1,182,115,61,6
0,14,18,1156,1,58,38,19,1
0,14,18,1157,1,311,199,96,16
0,14,18,1158,1,649,381,244,24
0,14,18,1159,1,492,305,171,16
0,14,18,1160,1,389,246,130,13
0,14,18,1161,1,701,353,324,24
0,14,18,1162,1,161,121,38,2
0,14,18,1163,1,742,520,193,29
0,14,18,1164,1,599,417,168,14
0,14,18,1165,1,495,338,145,12
0,14,18,1166,1,440,279,150,11
0,14,18,1167,1,538,353,164,21
0,14,18,1168,1,641,422,209,10
0,14,18,1169,1,570,385,166,19
0,14,18,1170,1,311,97,212,2
0,14,18,1171,1,367,349,12,6
0,14,18,1172,1,414,364,35,15
0,14,18,1173,1,529,481,34,14
0,14,18,1174,1,847,768,61,18
0,14,18,1175,1,465,266,189,10
0,14,18,1176,1,273,176,93,4
0,14,18,1177,1,549,370,168,11
0,14,18,1178,1,280,181,94,5
0,14,18,1179,1,285,185,91,9
0,14,18,1180,1,90,67,20,3
0,14,18,1181,1,126,91,33,2
0,14,18,1182,1,259,165,87,7
0,14,18,1183,1,341,207,125,9
0,14,18,1184,1,194,114,77,3
0,14,18,1185,1,399,265,126,8
0,14,18,1186,1,185,110,74,1
0,14,18,1187,1,664,373,288,3
0,14,18,1188,1,270,127,136,7
0,14,18,1189,1,391,201,180,10
0,14,18,1190,1,467,238,224,5
0,14,18,1191,1,230,152,73,5
0,14,18,1192,1,479,319,144,16
0,14,18,1193,1,720,430,281,9
0,14,18,1194,1,149,74,73,2
0,14,18,1195,1,334,246,74,14
0,14,18,1196,1,303,131,166,6
0,14,18,1197,1,495,382,96,17
0,14,18,1198,1,439,307,121,11
0,14,18,1199,1,334,253,76,5
0,14,18,1200,1,451,230,216,5
0,14,18,1201,1,298,210,78,10
0,14,18,1202,1,477,285,182,10
0,14,18,1203,1,199,125,71,3
0,14,18,1204,1,235,171,57,7
0,14,18,1205,1,198,159,37,2
0,14,18,1206,1,209,160,41,8
0,14,18,1207,1,330,219,103,8
0,14,18,1208,1,514,472,32,10
0,14,18,1209,1,485,283,189,13
0,14,19,1210,1,532,344,186,2
0,14,19,1211,1,447,313,130,4
0,14,19,1212,1,253,146,103,4
0,14,19,1213,1,264,173,84,7
0,14,19,1214,1,223,153,64,6
0,14,19,1215,1,142,88,50,4
0,14,19,1216,1,145,100,44,1
0,14,19,1217,1,254,164,84,6
0,14,19,1218,1,91,56,33,2
0,14,19,1219,1,141,86,55,0
0,14,19,1220,1,194,122,70,2
0,14,20,1221,1,124,65,54,5
0,14,20,1222,1,24,4,20,0
0,14,20,1223,1,35,0,35,0
0,14,20,1224,1,65,8,57,0
0,14,20,1225,1,227,55,170,2
0,14,20,1226,1,145,9,132,4
0,14,20,1227,1,277,48,219,10
0,14,20,1228,1,758,258,483,17
0,14,20,1229,1,604,171,424,9
0,14,20,1230,1,492,119,362,11
0,14,20,1231,1,382,292,85,5
0,14,20,1232,1,733,235,487,11
0,14,20,1233,1,521,195,314,12
0,14,20,1234,1,433,150,271,12
0,14,20,1235,1,882,217,639,26
0,14,20,1236,1,124,42,76,6
0,14,20,1237,1,428,131,289,8
0,14,20,1238,1,827,228,580,19
0,14,20,1239,1,216,141,69,6
0,14,20,1240,1,233,133,97,3
0,14,20,1241,1,566,164,390,12
0,14,20,1242,1,292,123,163,6
0,14,20,1243,1,343,145,188,10
0,14,20,1244,1,858,286,554,18
0,14,20,1245,1,562,183,358,21
0,14,20,1246,1,413,176,219,18
0,14,20,1247,1,515,183,321,11
0,14,20,1248,1,343,91,243,9
0,14,20,1249,1,382,135,238,9
0,14,20,1250,1,335,130,195,10
0,14,20,1251,1,308,126,174,8
0,14,20,1252,1,349,168,170,11
0,14,20,1253,1,415,198,205,12
0,14,20,1254,1,317,115,195,7
0,14,20,1255,1,783,188,576,19
0,14,20,1256,1,643,250,375,18
0,14,20,1257,1,367,133,221,13
0,14,20,1258,1,128,45,83,0
0,14,20,1259,1,535,188,337,10
0,14,20,1260,1,425,134,283,8
0,14,20,1261,1,204,139,56,9
0,14,20,1262,1,311,187,118,6
0,14,20,1263,1,122,85,36,1
0,14,20,1264,1,243,144,92,7
0,14,20,1265,1,141,83,53,5
0,14,20,1266,1,221,164,52,5
0,14,20,1267,1,409,183,213,13
0,14,20,1268,1,479,223,244,12
0,14,20,1269,1,947,277,646,24
0,14,20,1270,1,349,165,175,9
0,14,20,1271,1,511,191,306,14
0,14,20,1272,1,758,243,498,17
0,14,20,1273,1,411,129,273,9
0,14,20,1274,1,484,143,335,6
0,14,20,1275,1,519,81,434,4
0,14,20,1276,1,232,169,60,3
0,14,20,1277,1,561,127,423,11
0,14,20,1278,1,73,14,58,1
0,14,20,1279,1,187,76,98,13
0,14,21,1280,1,116,5,111,0
0,14,21,1281,1,74,5,68,1
0,14,21,1282,1,231,40,188,3
0,14,21,1283,1,78,6,71,1
0,14,21,1284,1,681,107,571,3
0,14,21,1285,1,375,86,282,7
0,14,21,1286,1,398,221,167,10
0,14,21,1287,1,205,71,129,5
0,14,21,1288,1,525,199,309,17
0,14,21,1289,1,239,129,105,5
0,14,21,1290,1,587,196,381,10
0,14,21,1291,1,364,105,252,7
0,14,22,1292,1,545,431,107,7
0,14,22,1293,1,259,193,64,2
0,14,22,1294,1,81,54,25,2
0,14,22,1295,1,663,355,298,10
0,14,22,1296,1,2,2,0,0
0,14,22,1297,1,267,132,127,8
0,14,22,1298,1,384,198,180,6
0,14,22,1299,1,83,53,27,3
0,14,22,1300,1,85,60,23,2
0,14,22,1301,1,29,23,5,1
0,14,22,1302,1,21,11,10,0
0,14,22,1303,1,142,30,111,1
0,14,22,1304,1,166,47,118,1
0,14,22,1305,1,262,150,111,1
0,14,22,1306,1,210,132,77,1
0,14,22,1307,1,472,339,128,5
0,14,22,1308,1,486,381,98,7
0,14,22,1309,1,155,107,47,1
0,14,22,1310,1,69,38,31,0
0,14,22,1311,1,557,324,224,9
0,14,22,1312,1,417,245,164,8
0,14,22,1313,1,849,557,278,14
0,14,22,1314,1,279,167,111,1
0,14,22,1315,1,136,98,35,3
0,14,22,1316,1,757,512,233,12
0,14,22,1317,1,454,362,85,7
0,14,22,1318,1,201,160,36,5
0,14,22,1319,1,405,292,102,11
0,14,22,1320,1,616,461,152,3
0,14,22,1321,1,315,194,119,2
0,14,22,1322,1,618,525,89,4
0,14,22,1323,1,531,435,91,5
0,14,22,1324,1,320,205,110,5
0,14,22,1325,1,221,143,69,9
0,14,22,1326,1,650,389,249,12
0,14,22,1327,1,495,287,200,8
0,14,22,1328,1,538,390,142,6
0,14,22,1329,1,419,236,173,10
0,14,22,1330,1,579,368,209,2
0,14,22,1331,1,464,297,164,3
0,14,22,1332,1,746,488,249,9
0,14,22,1333,1,688,425,255,8
0,14,22,1334,1,382,264,115,3
0,14,22,1335,1,181,116,61,4
0,14,22,1336,1,290,192,92,6
0,14,22,1337,1,139,122,14,3
0,14,23,1338,1,351,120,216,15
0,14,23,1339,1,509,144,360,5
0,14,23,1340,1,51,9,42,0
0,14,23,1341,1,261,27,232,2
0,14,23,1342,1,213,20,190,3
0,14,23,1343,1,279,30,247,2
0,14,23,1344,1,159,56,99,4
0,14,23,1345,1,345,190,144,11
0,14,23,1346,1,795,213,556,26
0,14,23,1347,1,714,213,480,21
0,14,23,1348,1,319,68,243,8
0,14,23,1349,1,419,157,249,13
0,14,23,1350,1,157,67,82,8
0,14,23,1351,1,408,158,228,22
0,14,23,1352,1,228,72,148,8
0,14,23,1353,1,164,42,118,4
0,14,23,1354,1,383,74,304,5
0,14,23,1355,1,442,69,371,2
0,14,23,1356,1,411,73,325,13
0,14,24,1357,1,766,525,225,16
0,14,24,1358,1,653,472,169,12
0,14,24,1359,1,579,366,183,30
0,14,24,1360,1,1068,747,277,44
0,14,24,1361,1,1161,804,334,23
0,14,24,1362,1,254,161,81,12
0,14,24,1363,1,288,225,55,8
0,14,24,1364,1,859,596,215,48
0,14,24,1365,1,199,166,32,1
0,14,24,1366,1,414,293,100,21
0,14,24,1367,1,385,266,98,21
0,14,24,1368,1,306,199,92,15
0,14,24,1369,1,511,392,101,18
0,14,24,1370,1,222,145,70,7
0,14,24,1371,1,381,215,150,16
0,14,24,1372,1,706,385,292,29
0,14,24,1373,1,159,101,55,3
0,14,24,1374,1,707,397,284,26
0,14,24,1375,1,232,144,80,8
0,14,24,1376,1,957,568,361,28
0,14,24,1377,1,704,248,447,9
0,14,24,1378,1,1016,469,521,26
0,14,24,1379,1,639,204,416,19
0,14,24,1380,1,379,98,269,12
0,14,24,1381,1,498,132,349,17
0,14,24,1382,1,428,193,228,7
0,14,24,1383,1,1001,471,505,25
0,14,24,1384,1,493,138,334,21
0,14,24,1385,1,381,143,227,11
0,14,24,1386,1,885,238,628,19
0,14,24,1387,1,1304,337,931,36
0,14,24,1388,1,270,95,167,8
0,14,24,1389,1,524,195,318,11
0,14,24,1390,1,534,220,294,20
0,14,24,1391,1,426,142,271,13
0,14,24,1392,1,423,99,319,5
0,14,24,1393,1,483,146,322,15
0,14,24,1394,1,742,216,505,21
0,14,24,1395,1,1125,286,818,21
0,14,24,1396,1,618,190,408,20
0,14,24,1397,1,1066,222,822,22
0,14,24,1398,1,875,188,676,11
0,14,24,1399,1,537,172,350,15
0,14,24,1400,1,1048,257,763,28
0,14,24,1401,1,686,232,440,14
0,14,24,1402,1,720,192,512,16
0,14,24,1403,1,251,59,186,6
0,14,24,1404,1,783,150,616,17
0,14,24,1405,1,1243,307,900,36
0,14,24,1406,1,681,276,393,12
0,14,24,1407,1,617,210,396,11
0,14,24,1408,1,319,59,256,4
0,14,24,1409,1,944,279,642,23
0,14,24,1410,1,778,161,605,12
0,14,24,1411,1,909,194,697,18
0,14,24,1412,1,1211,348,829,34
0,14,24,1413,1,910,138,756,16
0,14,24,1414,1,614,94,514,6
0,14,24,1415,1,1106,204,874,28
0,14,24,1416,1,460,82,369,9
0,14,24,1417,1,1035,180,838,17
0,14,24,1418,1,596,168,407,21
0,14,24,1419,1,575,149,409,17
0,14,24,1420,1,563,123,424,16
0,14,24,1421,1,635,128,501,6
0,14,24,1422,1,522,128,375,19
0,14,24,1423,1,1109,209,874,26
0,14,24,1424,1,403,115,280,8
0,14,24,1425,1,978,188,769,21
0,14,24,1426,1,663,166,485,12
0,14,24,1427,1,838,157,667,14
0,14,24,1428,1,675,165,503,7
0,14,24,1429,1,519,99,410,10
0,14,24,1430,1,1209,310,870,29
0,14,24,1431,1,445,112,319,14
0,14,24,1432,1,1090,260,807,23
0,14,24,1433,1,1001,175,809,17
0,14,25,1434,1,270,216,47,7
0,14,25,1435,1,442,331,101,10
0,14,25,1436,1,413,314,87,12
0,14,25,1437,1,612,407,191,14
0,14,25,1438,1,761,543,207,11
0,14,25,1439,1,231,140,86,5
0,14,25,1440,1,327,186,133,8
0,14,25,1441,1,826,629,189,8
0,14,25,1442,1,281,152,125,4
0,14,25,1443,1,349,226,109,14
0,14,25,1444,1,175,114,61,0
0,14,25,1445,1,444,295,138,11
0,14,25,1446,1,317,213,96,8
0,14,25,1447,1,76,29,47,0
0,14,25,1448,1,130,30,97,3
0,14,25,1449,1,618,391,213,14
0,14,25,1450,1,41,30,11,0
0,14,25,1451,1,244,181,59,4
0,14,25,1452,1,490,360,123,7
0,14,25,1453,1,69,47,20,2
0,14,25,1454,1,374,265,98,11
0,14,25,1455,1,267,167,93,7
0,14,25,1456,1,1163,771,377,15
0,14,25,1457,1,360,237,116,7
0,14,25,1458,1,333,245,81,7
0,14,25,1459,1,693,529,153,11
0,14,25,1460,1,599,421,170,8
0,14,25,1461,1,384,249,129,6
0,14,25,1462,1,242,170,64,8
0,14,26,1463,1,530,308,213,9
0,14,26,1464,1,442,286,151,5
0,14,26,1465,1,547,344,182,21
0,14,26,1466,1,410,268,129,13
0,14,26,1467,1,390,248,133,9
0,14,26,1468,1,418,249,160,9
0,14,26,1469,1,321,210,106,5
0,14,26,1470,1,309,288,16,5
0,14,26,1471,1,415,391,23,1
0,14,26,1472,1,323,276,40,7
0,14,26,1473,1,553,325,208,20
0,14,26,1474,1,481,281,187,13
0,14,26,1475,1,408,258,134,16
0,14,26,1476,1,367,316,42,9
0,14,26,1477,1,483,448,31,4
0,14,26,1478,1,174,85,82,7
0,14,26,1479,1,235,121,111,3
0,14,26,1480,1,356,197,144,15
0,14,26,1481,1,285,252,28,5
0,14,26,1482,1,521,465,47,9
0,14,26,1483,1,263,131,130,2
0,14,26,1484,1,317,148,165,4
0,14,26,1485,1,239,92,141,6
0,14,26,1486,1,335,229,97,9
0,14,26,1487,1,730,521,175,34
0,14,26,1488,1,334,214,108,12
0,14,26,1489,1,116,57,57,2
0,14,26,1490,1,664,306,350,8
0,14,26,1491,1,262,234,22,6
0,14,26,1492,1,653,347,293,13
0,14,26,1493,1,587,265,309,13
0,14,26,1494,1,478,202,258,18
0,14,26,1495,1,810,440,349,21
0,14,26,1496,1,602,302,288,12
0,14,26,1497,1,822,394,407,21
0,14,26,1498,1,430,190,226,14
0,14,26,1499,1,878,383,483,12
0,14,26,1500,1,572,316,241,15
0,14,26,1501,1,657,275,366,16
0,14,26,1502,1,559,274,266,19
0,14,26,1503,1,626,294,326,6
0,14,26,1504,1,733,357,354,22
0,14,26,1505,1,746,380,342,24
0,14,26,1506,1,565,244,312,9
0,14,26,1507,1,488,236,242,10
0,14,26,1508,1,734,362,345,27
0,14,26,1509,1,570,260,293,17
0,14,26,1510,1,714,330,373,11
0,14,26,1511,1,699,313,372,14
0,14,26,1512,1,1017,470,533,14
0,14,26,1513,1,0,0,0,0
0,14,26,1514,1,339,176,157,6
0,14,26,1515,1,702,408,283,11
0,14,26,1516,1,341,200,137,4
0,14,26,1517,1,381,256,120,5
0,14,26,1518,1,617,365,240,12
0,14,26,1519,1,608,317,281,10
0,14,26,1520,1,666,319,333,14
0,14,26,1521,1,388,199,181,8
0,14,26,1522,1,582,266,304,12
0,14,26,1523,1,626,318,297,11
0,14,26,1524,1,537,275,248,14
0,14,26,1525,1,517,249,256,12
0,14,26,1526,1,572,256,304,12
0,14,26,1527,1,388,204,174,10
0,14,26,1528,1,708,349,340,19
0,14,26,1529,1,775,420,336,19
0,14,26,1530,1,694,326,346,22
0,14,26,1531,1,822,408,398,16
0,14,26,1532,1,694,361,312,21
0,14,26,1533,1,800,425,352,23
0,14,26,1534,1,1226,570,635,21
0,14,26,1535,1,662,279,363,20
0,14,26,1536,1,397,194,196,7
0,14,26,1537,1,1033,532,476,25
0,14,26,1538,1,450,270,172,8
0,14,26,1539,1,480,448,28,4
0,14,26,1540,1,223,101,110,12
0,14,26,1541,1,213,97,112,4
0,14,26,1542,1,1209,625,550,34
0,14,26,1543,1,774,398,354,22
0,14,26,1544,1,678,348,318,12
0,14,26,1545,1,596,233,353,10
0,14,26,1546,1,797,387,384,26
0,14,26,1547,1,386,166,211,9
0,14,26,1548,1,666,322,326,18
0,14,26,1549,1,541,331,205,5
0,14,26,1550,1,533,369,155,9
0,14,26,1551,1,572,387,176,9
0,14,26,1552,1,393,229,155,9
0,14,26,1553,1,351,326,23,2
0,14,26,1554,1,753,493,236,24
0,14,26,1555,1,693,384,291,18
0,14,26,1556,1,613,387,205,21
0,14,26,1557,1,239,210,29,0
0,14,26,1558,1,556,252,291,13
0,14,26,1559,1,551,250,288,13
0,14,26,1560,1,825,420,385,20
0,14,26,1561,1,449,232,213,4
0,14,26,1562,1,1087,556,506,25
0,14,26,1563,1,556,261,283,12
0,14,26,1564,1,432,174,246,12
0,14,26,1565,1,655,304,326,25
0,14,26,1566,1,634,288,331,15
0,14,26,1567,1,354,196,153,5
0,14,26,1568,1,424,197,219,8
0,14,26,1569,1,568,263,277,28
0,14,26,1570,1,508,259,238,11
0,14,26,1571,1,493,212,268,13
0,14,26,1572,1,677,275,381,21
0,14,26,1573,1,669,306,339,24
0,14,26,1574,1,611,339,264,8
0,14,26,1575,1,564,325,223,16
0,14,26,1576,1,618,371,233,14
0,14,26,1577,1,594,235,354,5
0,14,26,1578,1,557,251,288,18
0,14,26,1579,1,318,159,152,7
0,14,26,1580,1,887,434,438,15
0,14,26,1581,1,628,295,324,9
0,14,26,1582,1,430,254,163,13
0,14,26,1583,1,407,196,199,12
0,14,26,1584,1,536,250,273,13
0,14,26,1585,1,672,338,299,35
0,14,26,1586,1,586,301,266,19
0,14,26,1587,1,616,280,319,17
0,14,26,1588,1,331,177,148,6
0,14,26,1589,1,566,275,267,24
0,14,26,1590,1,596,288,283,25
0,14,26,1591,1,558,240,306,12
0,14,26,1592,1,504,249,249,6
0,14,26,1593,1,395,183,200,12
0,14,26,1594,1,570,288,276,6
0,14,26,1595,1,697,465,227,5
0,14,26,1596,1,616,264,339,13
0,14,26,1597,1,520,270,241,9
0,14,26,1598,1,513,221,285,7
0,14,26,1599,1,349,166,174,9
0,14,26,1600,1,868,351,497,20
0,14,26,1601,1,614,313,291,10
0,14,27,1602,1,513,349,151,13
0,14,27,1603,1,193,132,58,3
0,14,27,1604,1,306,232,71,3
0,14,27,1605,1,78,61,16,1
0,14,27,1606,1,645,470,164,11
0,14,27,1607,1,164,157,4,3
0,14,27,1608,1,405,323,72,10
0,14,27,1609,1,645,561,75,9
0,14,27,1610,1,570,477,84,9
0,14,27,1611,1,601,469,120,12
0,14,27,1612,1,800,698,90,12
0,14,27,1613,1,634,487,140,7
0,14,27,1614,1,598,449,139,10
0,14,27,1615,1,229,154,73,2
0,14,27,1616,1,748,276,455,17
0,14,27,1617,1,250,108,139,3
0,14,27,1618,1,376,286,85,5
0,14,27,1619,1,833,225,583,25
0,14,27,1620,1,199,80,114,5
0,14,27,1621,1,514,455,54,5
0,14,27,1622,1,760,663,86,11
0,14,27,1623,1,567,475,82,10
0,14,27,1624,1,631,455,170,6
0,14,27,1625,1,823,713,92,18
0,14,27,1626,1,533,472,53,8
0,14,27,1627,1,402,367,31,4
0,14,27,1628,1,420,371,41,8
0,14,27,1629,1,476,417,54,5
0,14,27,1630,1,493,384,100,9
0,14,27,1631,1,572,476,92,4
0,14,27,1632,1,564,432,119,13
0,14,27,1633,1,650,522,111,17
0,14,27,1634,1,801,668,127,6
0,14,27,1635,1,555,467,79,9
0,14,27,1636,1,191,161,28,2
0,14,27,1637,1,480,419,57,4
0,14,27,1638,1,775,639,120,16
0,14,27,1639,1,621,494,118,9
0,14,27,1640,1,486,362,114,10
0,14,27,1641,1,278,232,40,6
0,14,27,1642,1,347,284,53,10
0,14,27,1643,1,571,498,69,4
0,14,27,1644,1,515,450,60,5
0,14,27,1645,1,854,755,87,12
0,14,27,1646,1,467,389,68,10
0,14,27,1647,1,385,319,55,11
0,14,27,1648,1,437,403,31,3
0,14,27,1649,1,920,782,129,9
0,14,27,1650,1,727,538,164,25
0,14,27,1651,1,754,619,121,14
0,14,27,1652,1,364,293,68,3
0,14,27,1653,1,767,598,153,16
0,14,27,1654,1,405,319,79,7
0,14,27,1655,1,668,549,111,8
0,14,27,1656,1,731,612,110,9
0,14,27,1657,1,651,482,159,10
0,14,27,1658,1,658,470,168,20
0,14,27,1659,1,567,390,174,3
0,14,27,1660,1,687,495,181,11
0,14,27,1661,1,298,199,91,8
0,14,27,1662,1,505,367,133,5
0,14,27,1663,1,356,237,112,7
0,14,27,1664,1,805,638,160,7
0,14,27,1665,1,275,232,39,4
0,14,27,1666,1,483,413,66,4
0,14,27,1667,1,468,345,108,15
0,14,27,1668,1,208,167,36,5
0,14,27,1669,1,408,340,59,9
0,14,27,1670,1,614,518,81,15
0,14,27,1671,1,1445,1106,318,21
0,14,27,1672,1,761,626,125,10
0,14,27,1673,1,681,561,109,11
0,14,27,1674,1,680,281,384,15
0,14,27,1675,1,659,531,115,13
0,14,27,1676,1,558,426,122,10
0,14,27,1677,1,746,583,151,12
0,14,27,1678,1,552,456,82,14
0,14,27,1679,1,534,438,90,6
0,14,27,1680,1,467,331,128,8
0,14,27,1681,1,382,275,105,2
0,14,27,1682,1,627,467,148,12
0,14,27,1683,1,608,353,247,8
0,14,27,1684,1,760,590,155,15
0,14,27,1685,1,685,242,424,19
0,14,27,1686,1,710,207,486,17
0,14,27,1687,1,865,644,203,18
0,14,27,1688,1,235,160,71,4
0,14,27,1689,1,546,362,178,6
0,14,27,1690,1,719,522,183,14
0,14,27,1691,1,547,395,149,3
0,14,27,1692,1,470,374,92,4
0,14,27,1693,1,681,542,127,12
0,14,27,1694,1,491,371,115,5
0,14,27,1695,1,793,642,143,8
0,14,27,1696,1,806,671,119,16
0,14,27,1697,1,754,581,168,5
0,14,27,1698,1,524,454,63,7
0,14,27,1699,1,483,401,75,7
0,14,27,1700,1,592,452,132,8
0,14,27,1701,1,325,289,33,3
0,14,27,1702,1,439,363,71,5
0,14,27,1703,1,621,505,107,9
0,14,27,1704,1,507,432,66,9
0,14,27,1705,1,734,666,64,4
0,14,27,1706,1,536,406,116,14
0,14,27,1707,1,484,358,118,8
0,14,27,1708,1,622,505,104,13
0,14,27,1709,1,339,268,65,6
0,14,27,1710,1,822,640,164,18
0,14,27,1711,1,630,523,101,6
0,14,27,1712,1,964,755,193,16
0,14,27,1713,1,460,309,141,10
0,14,27,1714,1,724,565,150,9
0,14,27,1715,1,489,388,95,6
0,14,27,1716,1,587,220,350,17
0,14,27,1717,1,320,239,67,14
0,14,27,1718,1,503,391,103,9
0,14,27,1719,1,372,249,117,6
0,14,27,1720,1,248,207,35,6
0,14,27,1721,1,393,317,66,10
0,14,27,1722,1,419,349,64,6
0,14,27,1723,1,333,289,42,2
0,14,27,1724,1,319,271,40,8
0,14,27,1725,1,322,262,57,3
0,14,27,1726,1,597,196,382,19
0,14,27,1727,1,373,277,85,11
0,14,27,1728,1,296,258,34,4
0,14,27,1729,1,421,324,92,5
0,14,27,1730,1,466,376,84,6
0,14,27,1731,1,526,455,59,12
0,14,27,1732,1,427,351,71,5
0,14,27,1733,1,254,225,26,3
0,14,27,1734,1,344,227,110,7
0,14,27,1735,1,709,599,104,6
0,14,27,1736,1,415,301,101,13
0,14,27,1737,1,181,140,41,0
0,14,27,1738,1,328,233,94,1
0,14,27,1739,1,371,270,92,9
0,14,27,1740,1,577,460,111,6
0,14,27,1741,1,349,237,107,5
0,14,27,1742,1,249,195,46,8
0,14,27,1743,1,515,431,79,5
0,14,27,1744,1,331,263,61,7
0,14,27,1745,1,441,331,102,8
0,14,27,1746,1,178,137,38,3
0,14,27,1747,1,609,444,155,10
0,14,27,1748,1,684,530,150,4
0,14,27,1749,1,510,183,307,20
0,14,27,1750,1,811,619,183,9
0,14,27,1751,1,411,297,102,12
0,14,27,1752,1,725,526,188,11
0,14,27,1753,1,842,659,176,7
0,14,27,1754,1,658,481,169,8
0,14,27,1755,1,482,356,118,8
0,14,28,1756,1,684,295,377,12
0,14,28,1757,1,1510,398,1074,38
0,14,28,1758,1,252,64,186,2
0,14,28,1759,1,245,74,164,7
0,14,28,1760,1,922,308,595,19
0,14,28,1761,1,218,155,56,7
0,14,28,1762,1,613,315,283,15
0,14,28,1763,1,563,265,284,14
0,14,28,1764,1,938,391,523,24
0,14,29,1765,1,410,254,149,7
0,14,29,1766,1,481,314,153,14
0,14,29,1767,1,619,396,205,18
0,14,29,1768,1,183,100,76,7
0,14,29,1769,1,249,136,107,6
0,14,29,1770,1,322,189,122,11
0,14,29,1771,1,75,54,20,1
0,14,29,1772,1,586,341,227,18
0,14,29,1773,1,53,13,36,4
0,14,29,1774,1,109,72,31,6
0,14,29,1775,1,516,179,332,5
0,14,29,1776,1,19,0,18,1
0,14,29,1777,1,487,198,283,6
0,14,29,1778,1,257,98,154,5
0,14,29,1779,1,486,329,138,19
0,14,29,1780,1,36,13,23,0
0,14,29,1781,1,82,42,37,3
0,14,29,1782,1,545,301,230,14
0,14,29,1783,1,384,145,230,9
0,14,29,1784,1,287,142,141,4
0,14,29,1785,1,9,6,1,2
0,14,29,1786,1,68,22,45,1
0,14,29,1787,1,105,49,56,0
0,14,29,1788,1,245,108,129,8
0,14,29,1789,1,138,70,63,5
0,14,29,1790,1,13,3,10,0
0,14,29,1791,1,396,148,239,9
0,14,30,1792,1,408,305,84,19
0,14,30,1793,1,129,93,32,4
0,14,30,1794,1,111,65,45,1
0,14,30,1795,1,435,302,123,10
0,14,30,1796,1,354,247,102,5
0,14,30,1797,1,509,324,172,13
0,14,30,1798,1,405,140,258,7
0,14,30,1799,1,246,208,33,5
0,14,30,1800,1,1579,1292,258,29
0,14,30,1801,1,360,293,61,6
0,14,30,1802,1,891,720,150,21
0,14,30,1803,1,1188,938,230,20
0,14,30,1804,1,527,492,26,9
0,14,30,1805,1,466,354,104,8
0,14,30,1806,1,1102,904,180,18
0,14,30,1807,1,517,420,90,7
0,14,30,1808,1,1429,1111,294,24
0,14,30,1809,1,948,727,205,16
0,14,30,1810,1,536,393,128,15
0,14,30,1811,1,491,379,108,4
0,14,30,1812,1,480,368,100,12
0,14,30,1813,1,189,142,36,11
0,14,30,1814,1,79,64,11,4
0,14,30,1815,1,134,87,44,3
0,14,30,1816,1,155,81,71,3
0,14,30,1817,1,70,38,31,1
0,14,30,1818,1,235,162,69,4
0,14,30,1819,1,263,180,79,4
0,14,30,1820,1,126,91,33,2
0,14,30,1821,1,44,36,8,0
0,14,30,1822,1,38,31,7,0
0,14,30,1823,1,144,121,23,0
0,14,30,1824,1,111,84,23,4
0,14,30,1825,1,544,402,130,12
0,14,30,1826,1,934,722,185,27
0,14,30,1827,1,67,62,4,1
0,14,30,1828,1,0,0,0,0
0,14,30,1829,1,0,0,0,0
0,14,30,1830,1,0,0,0,0
0,14,30,1831,1,0,0,0,0
0,14,30,1832,1,189,140,42,7
0,14,30,1833,1,0,0,0,0
0,14,30,1834,1,0,0,0,0
0,14,30,1835,1,471,384,80,7
0,14,30,1836,1,277,219,56,2
0,14,30,1837,1,0,0,0,0
0,14,30,1838,1,0,0,0,0
0,14,31,1839,1,557,179,370,8
0,14,31,1840,1,243,53,187,3
0,14,31,1841,1,246,100,143,3
0,14,31,1842,1,182,75,104,3
0,14,31,1843,1,752,267,465,20
0,14,31,1844,1,770,234,512,24
0,14,31,1845,1,571,159,398,14
0,14,31,1846,1,147,43,103,1
0,14,31,1847,1,490,188,295,7
0,14,31,1848,1,353,121,228,4
0,14,31,1849,1,78,29,48,1
0,14,31,1850,1,73,8,63,2
0,14,31,1851,1,664,208,439,17
0,14,31,1852,1,68,11,57,0
0,14,31,1853,1,295,93,191,11
0,14,31,1854,1,352,134,210,8
0,14,31,1855,1,771,255,490,26
0,14,31,1856,1,393,112,274,7
0,14,31,1857,1,276,75,195,6
0,14,32,1858,1,303,53,245,5
0,14,32,1859,1,537,121,413,3
0,14,32,1860,1,454,119,329,6
0,14,32,1861,1,310,78,229,3
0,14,32,1862,1,108,9,98,1
0,14,32,1863,1,77,3,74,0
0,14,33,1864,1,213,96,109,8
0,14,33,1865,1,439,227,202,10
0,14,33,1866,1,538,237,293,8
0,14,33,1867,1,832,323,492,17
0,14,33,1868,1,568,240,312,16
0,14,33,1869,1,438,189,239,10
0,14,33,1870,1,654,243,396,15
0,14,33,1871,1,378,183,188,7
0,14,33,1872,1,611,230,371,10
0,14,33,1873,1,550,234,306,10
0,14,33,1874,1,638,197,428,13
0,14,33,1875,1,690,307,372,11
0,14,33,1876,1,354,264,85,5
0,14,33,1877,1,701,327,365,9
0,14,33,1878,1,466,199,258,9
0,14,33,1879,1,365,194,160,11
0,14,33,1880,1,649,326,310,13
0,14,33,1881,1,631,241,378,12
0,14,33,1882,1,484,162,312,10
0,14,33,1883,1,252,100,150,2
0,14,33,1884,1,677,351,301,25
0,14,33,1885,1,530,226,292,12
0,14,33,1886,1,563,272,277,14
0,14,33,1887,1,148,98,46,4
0,14,33,1888,1,339,164,168,7
0,14,33,1889,1,321,170,144,7
0,14,33,1890,1,608,280,319,9
0,14,33,1891,1,305,173,119,13
0,14,33,1892,1,475,211,257,7
0,14,33,1893,1,551,239,303,9
0,14,33,1894,1,430,171,255,4
0,14,33,1895,1,497,207,279,11
0,14,33,1896,1,303,141,158,4
0,14,33,1897,1,303,125,169,9
0,14,33,1898,1,487,197,284,6
0,14,33,1899,1,347,135,204,8
0,14,33,1900,1,458,206,246,6
0,14,33,1901,1,713,308,393,12
0,14,33,1902,1,953,438,506,9
0,14,33,1903,1,358,175,173,10
0,14,33,1904,1,618,319,284,15
0,14,33,1905,1,690,256,421,13
0,14,33,1906,1,536,251,272,13
0,14,33,1907,1,871,391,465,15
0,14,33,1908,1,457,201,246,10
0,14,33,1909,1,457,184,259,14
0,14,33,1910,1,666,308,345,13
0,14,33,1911,1,731,331,384,16
0,14,33,1912,1,424,175,242,7
0,14,33,1913,1,172,94,76,2
0,14,33,1914,1,495,215,273,7
0,14,33,1915,1,457,183,263,11
0,14,33,1916,1,370,135,230,5
0,14,33,1917,1,438,206,220,12
0,14,33,1918,1,768,371,383,14
0,14,33,1919,1,430,229,189,12
0,14,33,1920,1,716,269,428,19
0,14,33,1921,1,631,253,358,20
0,14,33,1922,1,750,308,428,14
0,14,33,1923,1,666,306,352,8
0,14,33,1924,1,520,193,325,2
0,14,33,1925,1,597,279,302,16
