"eevp_source","timestamp","year","mon","mday","hour","min","sec","sec_offset","votes","eevp","vote_shares_shaheenj","vote_shares_messnerc"
"edison","2020-11-04T09:34:44Z",2020,11,4,9,34,44,1604511284,0,0,0,0
"edison","2020-11-03T14:17:31Z",2020,11,3,14,17,31,1604441851,27,0,0.407,0.593
"edison","2020-11-04T09:34:44Z",2020,11,4,9,34,44,1604511284,0,0,0,0
"edison","2020-11-03T14:17:31Z",2020,11,3,14,17,31,1604441851,27,0,0.407,0.593
"edison","2020-11-04T00:10:59Z",2020,11,4,0,10,59,1604477459,2610,0,0.766,0.234
"edison","2020-11-04T00:16:24Z",2020,11,4,0,16,24,1604477784,5300,1,0.757,0.243
"edison","2020-11-04T00:24:21Z",2020,11,4,0,24,21,1604478261,7228,1,0.752,0.248
"edison","2020-11-04T00:27:37Z",2020,11,4,0,27,37,1604478457,9478,1,0.731,0.269
"edison","2020-11-04T00:30:22Z",2020,11,4,0,30,22,1604478622,12244,1,0.69,0.31
"edison","2020-11-04T00:30:42Z",2020,11,4,0,30,42,1604478642,15844,2,0.64,0.355
"edison","2020-11-04T00:31:47Z",2020,11,4,0,31,47,1604478707,17489,2,0.645,0.35
"edison","2020-11-04T00:35:59Z",2020,11,4,0,35,59,1604478959,21874,3,0.617,0.375
"edison","2020-11-04T00:42:45Z",2020,11,4,0,42,45,1604479365,24628,3,0.595,0.395
"edison","2020-11-04T00:49:12Z",2020,11,4,0,49,12,1604479752,27014,3,0.6,0.391
"edison","2020-11-04T00:50:16Z",2020,11,4,0,50,16,1604479816,28778,3,0.597,0.393
"edison","2020-11-04T00:52:25Z",2020,11,4,0,52,25,1604479945,30339,4,0.606,0.384
"edison","2020-11-04T00:53:17Z",2020,11,4,0,53,17,1604479997,33110,4,0.6,0.39
"edison","2020-11-04T00:53:32Z",2020,11,4,0,53,32,1604480012,36149,4,0.615,0.375
"edison","2020-11-04T00:54:23Z",2020,11,4,0,54,23,1604480063,40074,5,0.63,0.36
"edison","2020-11-04T00:57:31Z",2020,11,4,0,57,31,1604480251,40714,5,0.628,0.362
"edison","2020-11-04T01:01:09Z",2020,11,4,1,1,9,1604480469,42531,5,0.625,0.366
"edison","2020-11-04T01:05:06Z",2020,11,4,1,5,6,1604480706,44084,5,0.623,0.368
"edison","2020-11-04T01:06:14Z",2020,11,4,1,6,14,1604480774,46256,5,0.622,0.37
"edison","2020-11-04T01:08:40Z",2020,11,4,1,8,40,1604480920,49347,6,0.624,0.368
"edison","2020-11-04T01:09:02Z",2020,11,4,1,9,2,1604480942,50938,6,0.621,0.371
"edison","2020-11-04T01:09:14Z",2020,11,4,1,9,14,1604480954,54321,6,0.611,0.379
"edison","2020-11-04T01:10:10Z",2020,11,4,1,10,10,1604481010,56164,6,0.605,0.385
"edison","2020-11-04T01:10:37Z",2020,11,4,1,10,37,1604481037,58948,7,0.601,0.389
"edison","2020-11-04T01:11:33Z",2020,11,4,1,11,33,1604481093,58983,7,0.599,0.391
"edison","2020-11-04T01:15:15Z",2020,11,4,1,15,15,1604481315,59025,7,0.599,0.391
"edison","2020-11-04T01:16:06Z",2020,11,4,1,16,6,1604481366,62924,7,0.594,0.396
"edison","2020-11-04T01:19:10Z",2020,11,4,1,19,10,1604481550,65817,8,0.591,0.398
"edison","2020-11-04T01:20:33Z",2020,11,4,1,20,33,1604481633,70182,8,0.587,0.401
"edison","2020-11-04T01:22:17Z",2020,11,4,1,22,17,1604481737,73061,8,0.589,0.398
"edison","2020-11-04T01:22:30Z",2020,11,4,1,22,30,1604481750,75886,9,0.588,0.4
"edison","2020-11-04T01:26:52Z",2020,11,4,1,26,52,1604482012,75906,9,0.588,0.4
"edison","2020-11-04T01:27:19Z",2020,11,4,1,27,19,1604482039,78424,9,0.591,0.397
"edison","2020-11-04T01:29:57Z",2020,11,4,1,29,57,1604482197,81400,9,0.59,0.398
"edison","2020-11-04T01:30:28Z",2020,11,4,1,30,28,1604482228,85038,10,0.584,0.404
"edison","2020-11-04T01:30:36Z",2020,11,4,1,30,36,1604482236,86385,10,0.584,0.404
"edison","2020-11-04T01:31:19Z",2020,11,4,1,31,19,1604482279,87409,10,0.582,0.406
"edison","2020-11-04T01:33:10Z",2020,11,4,1,33,10,1604482390,88972,10,0.581,0.406
"edison","2020-11-04T01:34:57Z",2020,11,4,1,34,57,1604482497,89466,10,0.581,0.406
"edison","2020-11-04T01:40:49Z",2020,11,4,1,40,49,1604482849,91974,11,0.583,0.405
"edison","2020-11-04T01:41:05Z",2020,11,4,1,41,5,1604482865,97394,11,0.587,0.402
"edison","2020-11-04T01:44:15Z",2020,11,4,1,44,15,1604483055,97416,11,0.587,0.402
"edison","2020-11-04T01:45:04Z",2020,11,4,1,45,4,1604483104,101334,12,0.581,0.406
"edison","2020-11-04T01:45:44Z",2020,11,4,1,45,44,1604483144,107170,12,0.576,0.412
"edison","2020-11-04T01:48:02Z",2020,11,4,1,48,2,1604483282,107965,12,0.575,0.412
"edison","2020-11-04T01:57:18Z",2020,11,4,1,57,18,1604483838,110706,13,0.577,0.41
"edison","2020-11-04T01:57:24Z",2020,11,4,1,57,24,1604483844,111821,13,0.578,0.409
"edison","2020-11-04T01:58:17Z",2020,11,4,1,58,17,1604483897,112879,13,0.578,0.409
"edison","2020-11-04T02:00:42Z",2020,11,4,2,0,42,1604484042,113169,13,0.578,0.409
"edison","2020-11-04T02:02:00Z",2020,11,4,2,2,0,1604484120,114882,13,0.578,0.409
"edison","2020-11-04T02:02:09Z",2020,11,4,2,2,9,1604484129,116568,13,0.578,0.409
"edison","2020-11-04T02:02:33Z",2020,11,4,2,2,33,1604484153,120619,14,0.574,0.412
"edison","2020-11-04T02:04:55Z",2020,11,4,2,4,55,1604484295,122039,14,0.575,0.412
"edison","2020-11-04T02:06:45Z",2020,11,4,2,6,45,1604484405,122751,14,0.575,0.412
"edison","2020-11-04T02:11:52Z",2020,11,4,2,11,52,1604484712,123950,14,0.575,0.412
"edison","2020-11-04T02:13:33Z",2020,11,4,2,13,33,1604484813,124257,14,0.575,0.411
"edison","2020-11-04T02:15:19Z",2020,11,4,2,15,19,1604484919,124263,14,0.575,0.411
"edison","2020-11-04T02:16:23Z",2020,11,4,2,16,23,1604484983,125924,15,0.575,0.411
"edison","2020-11-04T02:18:53Z",2020,11,4,2,18,53,1604485133,129341,15,0.578,0.408
"edison","2020-11-04T02:20:24Z",2020,11,4,2,20,24,1604485224,129359,15,0.578,0.408
"edison","2020-11-04T02:20:47Z",2020,11,4,2,20,47,1604485247,131907,15,0.578,0.408
"edison","2020-11-04T02:22:37Z",2020,11,4,2,22,37,1604485357,132112,15,0.577,0.408
"edison","2020-11-04T02:23:27Z",2020,11,4,2,23,27,1604485407,135360,16,0.58,0.406
"edison","2020-11-04T02:24:39Z",2020,11,4,2,24,39,1604485479,138272,16,0.581,0.405
"edison","2020-11-04T02:26:57Z",2020,11,4,2,26,57,1604485617,138740,16,0.581,0.405
"edison","2020-11-04T02:28:29Z",2020,11,4,2,28,29,1604485709,148670,17,0.587,0.398
"edison","2020-11-04T02:29:38Z",2020,11,4,2,29,38,1604485778,158699,18,0.583,0.402
"edison","2020-11-04T02:31:57Z",2020,11,4,2,31,57,1604485917,159581,18,0.582,0.402
"edison","2020-11-04T02:32:39Z",2020,11,4,2,32,39,1604485959,161611,19,0.581,0.403
"edison","2020-11-04T02:34:17Z",2020,11,4,2,34,17,1604486057,163874,19,0.583,0.402
"edison","2020-11-04T02:38:07Z",2020,11,4,2,38,7,1604486287,169352,20,0.585,0.401
"edison","2020-11-04T02:40:17Z",2020,11,4,2,40,17,1604486417,172802,20,0.585,0.4
"edison","2020-11-04T02:43:38Z",2020,11,4,2,43,38,1604486618,174914,20,0.585,0.4
"edison","2020-11-04T02:44:51Z",2020,11,4,2,44,51,1604486691,176911,20,0.585,0.401
"edison","2020-11-04T02:45:04Z",2020,11,4,2,45,4,1604486704,180912,21,0.582,0.403
"edison","2020-11-04T02:48:46Z",2020,11,4,2,48,46,1604486926,181791,21,0.582,0.403
"edison","2020-11-04T02:51:32Z",2020,11,4,2,51,32,1604487092,182402,21,0.581,0.404
"edison","2020-11-04T02:53:00Z",2020,11,4,2,53,0,1604487180,191171,22,0.578,0.406
"edison","2020-11-04T02:53:32Z",2020,11,4,2,53,32,1604487212,195700,23,0.577,0.407
"edison","2020-11-04T02:54:48Z",2020,11,4,2,54,48,1604487288,198581,23,0.577,0.408
"edison","2020-11-04T02:56:14Z",2020,11,4,2,56,14,1604487374,200647,23,0.575,0.409
"edison","2020-11-04T02:56:24Z",2020,11,4,2,56,24,1604487384,203441,24,0.578,0.407
"edison","2020-11-04T02:57:55Z",2020,11,4,2,57,55,1604487475,205701,24,0.578,0.407
"edison","2020-11-04T03:00:12Z",2020,11,4,3,0,12,1604487612,207367,24,0.577,0.407
"edison","2020-11-04T03:01:23Z",2020,11,4,3,1,23,1604487683,212626,25,0.576,0.409
"edison","2020-11-04T03:01:50Z",2020,11,4,3,1,50,1604487710,218121,25,0.577,0.408
"edison","2020-11-04T03:04:21Z",2020,11,4,3,4,21,1604487861,218523,25,0.577,0.408
"edison","2020-11-04T03:06:34Z",2020,11,4,3,6,34,1604487994,227853,26,0.581,0.402
"edison","2020-11-04T03:11:37Z",2020,11,4,3,11,37,1604488297,238098,28,0.585,0.398
"edison","2020-11-04T03:13:08Z",2020,11,4,3,13,8,1604488388,243572,28,0.582,0.401
"edison","2020-11-04T03:13:15Z",2020,11,4,3,13,15,1604488395,258248,30,0.579,0.404
"edison","2020-11-04T03:14:53Z",2020,11,4,3,14,53,1604488493,258797,30,0.579,0.404
"edison","2020-11-04T03:18:54Z",2020,11,4,3,18,54,1604488734,261089,30,0.578,0.404
"edison","2020-11-04T03:19:35Z",2020,11,4,3,19,35,1604488775,264515,31,0.577,0.406
"edison","2020-11-04T03:22:10Z",2020,11,4,3,22,10,1604488930,269706,31,0.578,0.404
"edison","2020-11-04T03:22:58Z",2020,11,4,3,22,58,1604488978,274767,32,0.577,0.406
"edison","2020-11-04T03:23:11Z",2020,11,4,3,23,11,1604488991,285154,33,0.573,0.41
"edison","2020-11-04T03:23:54Z",2020,11,4,3,23,54,1604489034,285550,33,0.572,0.41
"edison","2020-11-04T03:24:19Z",2020,11,4,3,24,19,1604489059,286338,33,0.572,0.41
"edison","2020-11-04T03:27:01Z",2020,11,4,3,27,1,1604489221,289590,33,0.573,0.409
"edison","2020-11-04T03:27:27Z",2020,11,4,3,27,27,1604489247,301316,35,0.579,0.402
"edison","2020-11-04T03:32:48Z",2020,11,4,3,32,48,1604489568,304410,35,0.578,0.403
"edison","2020-11-04T03:35:00Z",2020,11,4,3,35,0,1604489700,305218,35,0.579,0.403
"edison","2020-11-04T03:39:03Z",2020,11,4,3,39,3,1604489943,306130,35,0.579,0.403
"edison","2020-11-04T03:40:47Z",2020,11,4,3,40,47,1604490047,306379,35,0.579,0.403
"edison","2020-11-04T03:42:17Z",2020,11,4,3,42,17,1604490137,307224,36,0.579,0.403
"edison","2020-11-04T03:45:43Z",2020,11,4,3,45,43,1604490343,309655,36,0.58,0.402
"edison","2020-11-04T03:45:50Z",2020,11,4,3,45,50,1604490350,313703,36,0.581,0.402
"edison","2020-11-04T03:50:25Z",2020,11,4,3,50,25,1604490625,313718,36,0.581,0.402
"edison","2020-11-04T03:54:44Z",2020,11,4,3,54,44,1604490884,314477,36,0.581,0.401
"edison","2020-11-04T04:01:19Z",2020,11,4,4,1,19,1604491279,317662,37,0.58,0.402
"edison","2020-11-04T04:01:45Z",2020,11,4,4,1,45,1604491305,317668,37,0.58,0.402
"edison","2020-11-04T04:03:35Z",2020,11,4,4,3,35,1604491415,321701,37,0.58,0.402
"edison","2020-11-04T04:03:57Z",2020,11,4,4,3,57,1604491437,322822,37,0.58,0.402
"edison","2020-11-04T04:05:19Z",2020,11,4,4,5,19,1604491519,323328,37,0.58,0.402
"edison","2020-11-04T04:06:26Z",2020,11,4,4,6,26,1604491586,332420,38,0.579,0.402
"edison","2020-11-04T04:07:19Z",2020,11,4,4,7,19,1604491639,332920,38,0.579,0.402
"edison","2020-11-04T04:07:48Z",2020,11,4,4,7,48,1604491668,333371,39,0.579,0.402
"edison","2020-11-04T04:08:32Z",2020,11,4,4,8,32,1604491712,337977,39,0.58,0.402
"edison","2020-11-04T04:08:41Z",2020,11,4,4,8,41,1604491721,338331,39,0.579,0.402
"edison","2020-11-04T04:10:57Z",2020,11,4,4,10,57,1604491857,340478,39,0.58,0.401
"edison","2020-11-04T04:12:06Z",2020,11,4,4,12,6,1604491926,340847,39,0.58,0.402
"edison","2020-11-04T04:12:41Z",2020,11,4,4,12,41,1604491961,341546,39,0.579,0.402
"edison","2020-11-04T04:13:13Z",2020,11,4,4,13,13,1604491993,341601,39,0.579,0.402
"edison","2020-11-04T04:13:57Z",2020,11,4,4,13,57,1604492037,345903,40,0.579,0.402
"edison","2020-11-04T04:16:53Z",2020,11,4,4,16,53,1604492213,347754,40,0.579,0.402
"edison","2020-11-04T04:17:17Z",2020,11,4,4,17,17,1604492237,348833,40,0.579,0.402
"edison","2020-11-04T04:18:06Z",2020,11,4,4,18,6,1604492286,351939,41,0.577,0.405
"edison","2020-11-04T04:21:33Z",2020,11,4,4,21,33,1604492493,353475,41,0.576,0.405
"edison","2020-11-04T04:22:30Z",2020,11,4,4,22,30,1604492550,353746,41,0.576,0.405
"edison","2020-11-04T04:24:33Z",2020,11,4,4,24,33,1604492673,355863,41,0.576,0.405
"edison","2020-11-04T04:26:01Z",2020,11,4,4,26,1,1604492761,370261,43,0.573,0.407
"edison","2020-11-04T04:29:19Z",2020,11,4,4,29,19,1604492959,371924,43,0.574,0.407
"edison","2020-11-04T04:30:59Z",2020,11,4,4,30,59,1604493059,372634,43,0.574,0.407
"edison","2020-11-04T04:31:14Z",2020,11,4,4,31,14,1604493074,383803,44,0.574,0.407
"edison","2020-11-04T04:35:41Z",2020,11,4,4,35,41,1604493341,384525,44,0.574,0.408
"edison","2020-11-04T04:37:35Z",2020,11,4,4,37,35,1604493455,385550,45,0.574,0.408
"edison","2020-11-04T04:38:27Z",2020,11,4,4,38,27,1604493507,389608,45,0.574,0.408
"edison","2020-11-04T04:39:46Z",2020,11,4,4,39,46,1604493586,390359,45,0.574,0.408
"edison","2020-11-04T04:45:47Z",2020,11,4,4,45,47,1604493947,396246,46,0.574,0.408
"edison","2020-11-04T04:46:49Z",2020,11,4,4,46,49,1604494009,397542,46,0.575,0.407
"edison","2020-11-04T04:48:21Z",2020,11,4,4,48,21,1604494101,400691,46,0.574,0.408
"edison","2020-11-04T04:50:07Z",2020,11,4,4,50,7,1604494207,402217,46,0.574,0.408
"edison","2020-11-04T04:52:40Z",2020,11,4,4,52,40,1604494360,403396,47,0.574,0.408
"edison","2020-11-04T04:56:17Z",2020,11,4,4,56,17,1604494577,405391,47,0.574,0.408
"edison","2020-11-04T04:56:26Z",2020,11,4,4,56,26,1604494586,405404,47,0.574,0.408
"edison","2020-11-04T04:57:55Z",2020,11,4,4,57,55,1604494675,407463,47,0.574,0.408
"edison","2020-11-04T04:59:48Z",2020,11,4,4,59,48,1604494788,411345,48,0.572,0.41
"edison","2020-11-04T05:01:04Z",2020,11,4,5,1,4,1604494864,416551,48,0.572,0.41
"edison","2020-11-04T05:04:06Z",2020,11,4,5,4,6,1604495046,418408,48,0.572,0.41
"edison","2020-11-04T05:04:48Z",2020,11,4,5,4,48,1604495088,420075,49,0.573,0.41
"edison","2020-11-04T05:05:21Z",2020,11,4,5,5,21,1604495121,420985,49,0.573,0.409
"edison","2020-11-04T05:10:40Z",2020,11,4,5,10,40,1604495440,423928,49,0.574,0.409
"edison","2020-11-04T05:14:17Z",2020,11,4,5,14,17,1604495657,441591,51,0.571,0.411
"edison","2020-11-04T05:15:22Z",2020,11,4,5,15,22,1604495722,442501,51,0.571,0.411
"edison","2020-11-04T05:15:48Z",2020,11,4,5,15,48,1604495748,452206,52,0.573,0.408
"edison","2020-11-04T05:22:38Z",2020,11,4,5,22,38,1604496158,464439,54,0.571,0.41
"edison","2020-11-04T05:24:10Z",2020,11,4,5,24,10,1604496250,469779,54,0.57,0.411
"edison","2020-11-04T05:25:04Z",2020,11,4,5,25,4,1604496304,470849,54,0.57,0.411
"edison","2020-11-04T05:27:05Z",2020,11,4,5,27,5,1604496425,471988,55,0.57,0.411
"edison","2020-11-04T05:29:50Z",2020,11,4,5,29,50,1604496590,482632,56,0.574,0.407
"edison","2020-11-04T05:31:29Z",2020,11,4,5,31,29,1604496689,485498,56,0.575,0.406
"edison","2020-11-04T05:32:34Z",2020,11,4,5,32,34,1604496754,486118,56,0.575,0.406
"edison","2020-11-04T05:33:04Z",2020,11,4,5,33,4,1604496784,487163,56,0.574,0.407
"edison","2020-11-04T05:33:59Z",2020,11,4,5,33,59,1604496839,489843,57,0.575,0.406
"edison","2020-11-04T05:39:05Z",2020,11,4,5,39,5,1604497145,490247,57,0.573,0.407
"edison","2020-11-04T05:44:33Z",2020,11,4,5,44,33,1604497473,490605,57,0.573,0.407
"edison","2020-11-04T05:45:41Z",2020,11,4,5,45,41,1604497541,490733,57,0.573,0.407
"edison","2020-11-04T05:51:23Z",2020,11,4,5,51,23,1604497883,494652,57,0.572,0.408
"edison","2020-11-04T05:56:41Z",2020,11,4,5,56,41,1604498201,497502,58,0.572,0.408
"edison","2020-11-04T06:01:58Z",2020,11,4,6,1,58,1604498518,498024,58,0.572,0.408
"edison","2020-11-04T06:02:07Z",2020,11,4,6,2,7,1604498527,498979,58,0.572,0.408
"edison","2020-11-04T06:07:21Z",2020,11,4,6,7,21,1604498841,499054,58,0.572,0.408
"edison","2020-11-04T06:14:25Z",2020,11,4,6,14,25,1604499265,500153,58,0.572,0.408
"edison","2020-11-04T06:15:32Z",2020,11,4,6,15,32,1604499332,504544,58,0.573,0.407
"edison","2020-11-04T06:18:52Z",2020,11,4,6,18,52,1604499532,505405,58,0.573,0.407
"edison","2020-11-04T06:21:58Z",2020,11,4,6,21,58,1604499718,511336,59,0.571,0.409
"edison","2020-11-04T06:22:48Z",2020,11,4,6,22,48,1604499768,512907,59,0.571,0.409
"edison","2020-11-04T06:24:56Z",2020,11,4,6,24,56,1604499896,520484,60,0.574,0.406
"edison","2020-11-04T06:27:06Z",2020,11,4,6,27,6,1604500026,521419,60,0.574,0.406
"edison","2020-11-04T06:28:24Z",2020,11,4,6,28,24,1604500104,523132,60,0.574,0.406
"edison","2020-11-04T06:29:37Z",2020,11,4,6,29,37,1604500177,527535,61,0.574,0.405
"edison","2020-11-04T06:31:58Z",2020,11,4,6,31,58,1604500318,528351,61,0.574,0.405
"edison","2020-11-04T06:33:37Z",2020,11,4,6,33,37,1604500417,530601,61,0.574,0.406
"edison","2020-11-04T06:33:43Z",2020,11,4,6,33,43,1604500423,531747,61,0.574,0.406
"edison","2020-11-04T06:35:07Z",2020,11,4,6,35,7,1604500507,531752,61,0.574,0.406
"edison","2020-11-04T06:36:48Z",2020,11,4,6,36,48,1604500608,536025,62,0.573,0.407
"edison","2020-11-04T06:37:16Z",2020,11,4,6,37,16,1604500636,538021,62,0.573,0.407
"edison","2020-11-04T06:39:06Z",2020,11,4,6,39,6,1604500746,543945,63,0.574,0.405
"edison","2020-11-04T06:40:31Z",2020,11,4,6,40,31,1604500831,546895,63,0.573,0.406
"edison","2020-11-04T06:42:21Z",2020,11,4,6,42,21,1604500941,547918,63,0.573,0.406
"edison","2020-11-04T06:45:07Z",2020,11,4,6,45,7,1604501107,553679,64,0.574,0.406
"edison","2020-11-04T06:50:08Z",2020,11,4,6,50,8,1604501408,558206,65,0.573,0.406
"edison","2020-11-04T06:51:58Z",2020,11,4,6,51,58,1604501518,559342,65,0.573,0.407
"edison","2020-11-04T06:52:53Z",2020,11,4,6,52,53,1604501573,560690,65,0.573,0.406
"edison","2020-11-04T06:57:39Z",2020,11,4,6,57,39,1604501859,561697,65,0.573,0.407
"edison","2020-11-04T06:58:42Z",2020,11,4,6,58,42,1604501922,564148,65,0.572,0.407
"edison","2020-11-04T07:09:26Z",2020,11,4,7,9,26,1604502566,595674,69,0.573,0.405
"edison","2020-11-04T07:20:42Z",2020,11,4,7,20,42,1604503242,596461,69,0.573,0.405
"edison","2020-11-04T07:30:38Z",2020,11,4,7,30,38,1604503838,598584,69,0.573,0.405
"edison","2020-11-04T08:03:38Z",2020,11,4,8,3,38,1604505818,600082,69,0.573,0.405
"edison","2020-11-04T08:38:35Z",2020,11,4,8,38,35,1604507915,600272,69,0.573,0.405
"edison","2020-11-04T09:04:11Z",2020,11,4,9,4,11,1604509451,600274,69,0.573,0.405
"edison","2020-11-04T15:07:27Z",2020,11,4,15,7,27,1604531247,600277,69,0.573,0.405
"edison","2020-11-04T16:29:45Z",2020,11,4,16,29,45,1604536185,605123,70,0.572,0.406
"edison","2020-11-04T16:30:59Z",2020,11,4,16,30,59,1604536259,605757,70,0.572,0.406
"edison","2020-11-04T16:35:32Z",2020,11,4,16,35,32,1604536532,606715,70,0.572,0.406
"edison","2020-11-04T17:18:50Z",2020,11,4,17,18,50,1604539130,607490,70,0.572,0.406
"edison","2020-11-04T17:39:36Z",2020,11,4,17,39,36,1604540376,608752,70,0.572,0.406
"edison","2020-11-04T17:55:02Z",2020,11,4,17,55,2,1604541302,611056,71,0.572,0.406
"edison","2020-11-04T19:06:37Z",2020,11,4,19,6,37,1604545597,611575,71,0.572,0.406
"edison","2020-11-04T21:25:51Z",2020,11,4,21,25,51,1604553951,612020,71,0.572,0.406
"edison","2020-11-04T21:38:37Z",2020,11,4,21,38,37,1604554717,620134,72,0.572,0.405
"edison","2020-11-04T21:49:36Z",2020,11,4,21,49,36,1604555376,623046,72,0.572,0.406
"edison","2020-11-04T21:50:58Z",2020,11,4,21,50,58,1604555458,625635,72,0.572,0.406
"edison","2020-11-04T21:54:45Z",2020,11,4,21,54,45,1604555685,631624,73,0.572,0.406
"edison","2020-11-04T21:54:56Z",2020,11,4,21,54,56,1604555696,632419,73,0.571,0.406
"edison","2020-11-04T21:58:02Z",2020,11,4,21,58,2,1604555882,634627,73,0.571,0.406
"edison","2020-11-04T22:01:13Z",2020,11,4,22,1,13,1604556073,636373,74,0.571,0.406
"edison","2020-11-04T22:05:26Z",2020,11,4,22,5,26,1604556326,638833,74,0.571,0.406
"edison","2020-11-04T22:16:25Z",2020,11,4,22,16,25,1604556985,641161,74,0.571,0.406
"edison","2020-11-04T22:20:27Z",2020,11,4,22,20,27,1604557227,641340,74,0.571,0.406
"edison","2020-11-04T22:23:11Z",2020,11,4,22,23,11,1604557391,642390,74,0.571,0.406
"edison","2020-11-04T22:27:01Z",2020,11,4,22,27,1,1604557621,643489,74,0.571,0.406
"edison","2020-11-04T22:28:11Z",2020,11,4,22,28,11,1604557691,643726,74,0.571,0.406
"edison","2020-11-04T22:31:01Z",2020,11,4,22,31,1,1604557861,644262,74,0.571,0.406
"edison","2020-11-04T22:35:28Z",2020,11,4,22,35,28,1604558128,647020,75,0.57,0.407
"edison","2020-11-04T22:44:20Z",2020,11,4,22,44,20,1604558660,648941,75,0.57,0.407
"edison","2020-11-04T22:47:16Z",2020,11,4,22,47,16,1604558836,649123,75,0.57,0.407
"edison","2020-11-04T22:49:04Z",2020,11,4,22,49,4,1604558944,650001,75,0.57,0.407
"edison","2020-11-04T22:54:25Z",2020,11,4,22,54,25,1604559265,650234,75,0.57,0.407
"edison","2020-11-04T22:59:32Z",2020,11,4,22,59,32,1604559572,652118,75,0.57,0.408
"edison","2020-11-04T23:21:37Z",2020,11,4,23,21,37,1604560897,653040,75,0.57,0.408
"edison","2020-11-04T23:25:41Z",2020,11,4,23,25,41,1604561141,655843,76,0.569,0.408
"edison","2020-11-04T23:29:31Z",2020,11,4,23,29,31,1604561371,656321,76,0.569,0.408
"edison","2020-11-04T23:34:01Z",2020,11,4,23,34,1,1604561641,657365,76,0.569,0.408
"edison","2020-11-05T00:08:18Z",2020,11,5,0,8,18,1604563698,658159,76,0.569,0.409
"edison","2020-11-05T00:57:57Z",2020,11,5,0,57,57,1604566677,658915,76,0.569,0.408
"edison","2020-11-05T01:07:28Z",2020,11,5,1,7,28,1604567248,660398,76,0.569,0.408
"edison","2020-11-05T01:12:06Z",2020,11,5,1,12,6,1604567526,663644,77,0.569,0.409
"edison","2020-11-05T01:18:36Z",2020,11,5,1,18,36,1604567916,672169,78,0.568,0.409
"edison","2020-11-05T01:22:07Z",2020,11,5,1,22,7,1604568127,676327,78,0.569,0.409
"edison","2020-11-05T01:25:38Z",2020,11,5,1,25,38,1604568338,676956,78,0.569,0.409
"edison","2020-11-05T01:30:22Z",2020,11,5,1,30,22,1604568622,677225,78,0.569,0.409
"edison","2020-11-05T01:39:06Z",2020,11,5,1,39,6,1604569146,677633,78,0.569,0.409
"edison","2020-11-05T01:42:55Z",2020,11,5,1,42,55,1604569375,680742,79,0.569,0.409
"edison","2020-11-05T01:49:06Z",2020,11,5,1,49,6,1604569746,696462,81,0.567,0.41
"edison","2020-11-05T02:19:16Z",2020,11,5,2,19,16,1604571556,696841,81,0.567,0.41
"edison","2020-11-05T02:22:14Z",2020,11,5,2,22,14,1604571734,697328,81,0.567,0.41
"edison","2020-11-05T02:30:09Z",2020,11,5,2,30,9,1604572209,697328,87,0.567,0.41
"edison","2020-11-05T02:31:38Z",2020,11,5,2,31,38,1604572298,713885,89,0.567,0.41
"edison","2020-11-05T02:43:15Z",2020,11,5,2,43,15,1604572995,716392,89,0.567,0.411
"edison","2020-11-05T02:46:58Z",2020,11,5,2,46,58,1604573218,718164,89,0.567,0.411
"edison","2020-11-05T02:54:59Z",2020,11,5,2,54,59,1604573699,742103,92,0.569,0.408
"edison","2020-11-05T03:04:02Z",2020,11,5,3,4,2,1604574242,745586,93,0.568,0.408
"edison","2020-11-05T03:08:18Z",2020,11,5,3,8,18,1604574498,745778,93,0.568,0.408
"edison","2020-11-05T03:10:26Z",2020,11,5,3,10,26,1604574626,746599,93,0.569,0.408
"edison","2020-11-05T03:32:20Z",2020,11,5,3,32,20,1604575940,747134,93,0.568,0.408
"edison","2020-11-05T03:42:39Z",2020,11,5,3,42,39,1604576559,750750,93,0.568,0.409
"edison","2020-11-05T03:46:15Z",2020,11,5,3,46,15,1604576775,752478,93,0.568,0.409
"edison","2020-11-05T03:49:37Z",2020,11,5,3,49,37,1604576977,753421,94,0.568,0.409
"edison","2020-11-05T03:54:22Z",2020,11,5,3,54,22,1604577262,753652,94,0.568,0.409
"edison","2020-11-05T03:57:01Z",2020,11,5,3,57,1,1604577421,771193,96,0.566,0.411
"edison","2020-11-05T03:59:53Z",2020,11,5,3,59,53,1604577593,771235,96,0.566,0.411
"edison","2020-11-05T04:00:24Z",2020,11,5,4,0,24,1604577624,771676,96,0.566,0.411
"edison","2020-11-05T04:00:40Z",2020,11,5,4,0,40,1604577640,777120,97,0.566,0.411
"edison","2020-11-05T04:03:59Z",2020,11,5,4,3,59,1604577839,779533,97,0.566,0.411
"edison","2020-11-05T04:06:47Z",2020,11,5,4,6,47,1604578007,780083,97,0.566,0.411
"edison","2020-11-05T04:09:25Z",2020,11,5,4,9,25,1604578165,781173,97,0.566,0.411
"edison","2020-11-05T04:12:15Z",2020,11,5,4,12,15,1604578335,782399,97,0.566,0.411
"edison","2020-11-05T04:14:49Z",2020,11,5,4,14,49,1604578489,783709,97,0.566,0.411
"edison","2020-11-05T04:19:31Z",2020,11,5,4,19,31,1604578771,788454,98,0.566,0.411
"edison","2020-11-06T18:25:46Z",2020,11,6,18,25,46,1604715946,792252,98,0.566,0.411
"edison","2020-11-06T20:37:29Z",2020,11,6,20,37,29,1604723849,792460,98,0.566,0.411
"edison","2020-11-06T21:07:47Z",2020,11,6,21,7,47,1604725667,792474,98,0.566,0.411
"edison","2020-11-06T21:15:25Z",2020,11,6,21,15,25,1604726125,792543,98,0.566,0.411
"edison","2020-11-06T23:15:22Z",2020,11,6,23,15,22,1604733322,792573,98,0.566,0.411
"edison","2020-11-06T23:47:04Z",2020,11,6,23,47,4,1604735224,792650,98,0.566,0.411
"edison","2020-11-13T01:33:41Z",2020,11,13,1,33,41,1605260021,792452,98,0.566,0.411
"edison","2020-11-13T01:35:35Z",2020,11,13,1,35,35,1605260135,792745,98,0.566,0.411
"edison","2020-11-13T01:37:05Z",2020,11,13,1,37,5,1605260225,792732,98,0.566,0.411
"edison","2020-11-13T01:38:57Z",2020,11,13,1,38,57,1605260337,794878,99,0.567,0.41
"edison","2020-11-13T01:44:58Z",2020,11,13,1,44,58,1605260698,794903,99,0.566,0.41
"edison","2020-11-13T01:46:37Z",2020,11,13,1,46,37,1605260797,794904,99,0.567,0.41
"edison","2020-11-13T01:47:37Z",2020,11,13,1,47,37,1605260857,795499,99,0.567,0.41
"edison","2020-11-13T02:02:00Z",2020,11,13,2,2,0,1605261720,795598,99,0.567,0.41
"edison","2020-11-13T02:02:26Z",2020,11,13,2,2,26,1605261746,795603,99,0.567,0.41
"ap","2020-11-18T19:53:54.563Z",NA,NA,NA,NA,NA,NA,NA,792741,99,0.567,0.409
"edison","2020-11-18T17:16:59Z",2020,11,18,17,16,59,1605748619,795603,99,0.567,0.41
