"eevp_source","timestamp","year","mon","mday","hour","min","sec","sec_offset","votes","eevp","vote_shares_lewisj","vote_shares_smitht"
"edison","2020-11-04T09:57:04Z",2020,11,4,9,57,4,1604512624,0,0,0,0
"edison","2020-11-04T02:31:22Z",2020,11,4,2,31,22,1604485882,16345,0,0.503,0.409
"edison","2020-11-04T02:31:36Z",2020,11,4,2,31,36,1604485896,245423,7,0.288,0.648
"edison","2020-11-04T02:32:26Z",2020,11,4,2,32,26,1604485946,250625,7,0.293,0.643
"edison","2020-11-04T02:42:08Z",2020,11,4,2,42,8,1604486528,316106,9,0.329,0.603
"edison","2020-11-04T02:47:19Z",2020,11,4,2,47,19,1604486839,316387,9,0.329,0.603
"edison","2020-11-04T02:49:29Z",2020,11,4,2,49,29,1604486969,859820,25,0.322,0.605
"edison","2020-11-04T02:54:33Z",2020,11,4,2,54,33,1604487273,865987,25,0.323,0.605
"edison","2020-11-04T03:00:50Z",2020,11,4,3,0,50,1604487650,974195,29,0.338,0.587
"edison","2020-11-04T03:10:08Z",2020,11,4,3,10,8,1604488208,1092463,32,0.358,0.567
"edison","2020-11-04T03:21:57Z",2020,11,4,3,21,57,1604488917,1116780,33,0.361,0.564
"edison","2020-11-04T03:22:18Z",2020,11,4,3,22,18,1604488938,1122113,33,0.361,0.564
"edison","2020-11-04T03:32:00Z",2020,11,4,3,32,0,1604489520,1183918,35,0.365,0.559
"edison","2020-11-04T03:33:46Z",2020,11,4,3,33,46,1604489626,1189876,35,0.366,0.558
"edison","2020-11-04T03:42:53Z",2020,11,4,3,42,53,1604490173,1226799,36,0.37,0.554
"edison","2020-11-04T03:43:22Z",2020,11,4,3,43,22,1604490202,1239849,36,0.37,0.554
"edison","2020-11-04T03:51:14Z",2020,11,4,3,51,14,1604490674,1340023,39,0.382,0.542
"edison","2020-11-04T03:51:19Z",2020,11,4,3,51,19,1604490679,1350400,40,0.383,0.541
"edison","2020-11-04T03:51:42Z",2020,11,4,3,51,42,1604490702,1363170,40,0.384,0.54
"edison","2020-11-04T03:59:10Z",2020,11,4,3,59,10,1604491150,1438965,42,0.388,0.536
"edison","2020-11-04T04:11:41Z",2020,11,4,4,11,41,1604491901,1502604,44,0.392,0.531
"edison","2020-11-04T04:20:43Z",2020,11,4,4,20,43,1604492443,1765452,52,0.407,0.517
"edison","2020-11-04T04:21:09Z",2020,11,4,4,21,9,1604492469,1769153,52,0.407,0.517
"edison","2020-11-04T04:31:22Z",2020,11,4,4,31,22,1604493082,1851674,54,0.413,0.511
"edison","2020-11-04T04:32:27Z",2020,11,4,4,32,27,1604493147,1852050,54,0.413,0.511
"edison","2020-11-04T04:34:34Z",2020,11,4,4,34,34,1604493274,1868225,55,0.415,0.51
"edison","2020-11-04T04:38:27Z",2020,11,4,4,38,27,1604493507,1873383,55,0.414,0.51
"edison","2020-11-04T04:39:05Z",2020,11,4,4,39,5,1604493545,1885022,55,0.415,0.51
"edison","2020-11-04T04:40:22Z",2020,11,4,4,40,22,1604493622,2003468,59,0.418,0.507
"edison","2020-11-04T04:51:49Z",2020,11,4,4,51,49,1604494309,2070871,61,0.418,0.507
"edison","2020-11-04T04:58:44Z",2020,11,4,4,58,44,1604494724,2099796,61,0.421,0.504
"edison","2020-11-04T05:09:41Z",2020,11,4,5,9,41,1604495381,2168733,64,0.424,0.501
"edison","2020-11-04T05:10:58Z",2020,11,4,5,10,58,1604495458,2177659,64,0.425,0.5
"edison","2020-11-04T05:19:40Z",2020,11,4,5,19,40,1604495980,2195916,64,0.426,0.499
"edison","2020-11-04T05:19:47Z",2020,11,4,5,19,47,1604495987,2239773,66,0.428,0.497
"edison","2020-11-04T05:30:37Z",2020,11,4,5,30,37,1604496637,2525722,74,0.411,0.512
"edison","2020-11-04T05:30:50Z",2020,11,4,5,30,50,1604496650,2533178,74,0.412,0.512
"edison","2020-11-04T05:39:33Z",2020,11,4,5,39,33,1604497173,2605805,76,0.417,0.506
"edison","2020-11-04T05:50:20Z",2020,11,4,5,50,20,1604497820,2646047,77,0.419,0.505
"edison","2020-11-04T05:59:17Z",2020,11,4,5,59,17,1604498357,2723532,80,0.421,0.503
"edison","2020-11-04T06:04:15Z",2020,11,4,6,4,15,1604498655,2739770,80,0.423,0.501
"edison","2020-11-04T06:04:46Z",2020,11,4,6,4,46,1604498686,2741926,80,0.423,0.501
"edison","2020-11-04T06:08:57Z",2020,11,4,6,8,57,1604498937,2747003,80,0.423,0.5
"edison","2020-11-04T06:09:13Z",2020,11,4,6,9,13,1604498953,2796276,82,0.426,0.498
"edison","2020-11-04T06:09:36Z",2020,11,4,6,9,36,1604498976,2797016,82,0.426,0.498
"edison","2020-11-04T06:18:55Z",2020,11,4,6,18,55,1604499535,2832156,83,0.428,0.496
"edison","2020-11-04T06:28:58Z",2020,11,4,6,28,58,1604500138,2874606,84,0.428,0.496
"edison","2020-11-04T06:38:53Z",2020,11,4,6,38,53,1604500733,2945060,86,0.43,0.493
"edison","2020-11-04T06:44:02Z",2020,11,4,6,44,2,1604501042,2945372,86,0.43,0.493
"edison","2020-11-04T06:48:54Z",2020,11,4,6,48,54,1604501334,3021126,88,0.431,0.492
"edison","2020-11-04T06:58:49Z",2020,11,4,6,58,49,1604501929,3022676,89,0.431,0.492
"edison","2020-11-04T07:08:51Z",2020,11,4,7,8,51,1604502531,3027085,89,0.431,0.492
"edison","2020-11-04T07:18:49Z",2020,11,4,7,18,49,1604503129,3041396,89,0.432,0.492
"edison","2020-11-04T07:28:52Z",2020,11,4,7,28,52,1604503732,3068997,90,0.433,0.49
"edison","2020-11-04T07:38:50Z",2020,11,4,7,38,50,1604504330,3084498,90,0.434,0.489
"edison","2020-11-04T07:48:51Z",2020,11,4,7,48,51,1604504931,3095426,91,0.435,0.488
"edison","2020-11-04T07:58:49Z",2020,11,4,7,58,49,1604505529,3099361,91,0.435,0.488
"edison","2020-11-04T08:08:49Z",2020,11,4,8,8,49,1604506129,3099802,91,0.435,0.488
"edison","2020-11-04T08:14:47Z",2020,11,4,8,14,47,1604506487,3100124,91,0.435,0.488
"edison","2020-11-04T08:18:48Z",2020,11,4,8,18,48,1604506728,3100231,91,0.435,0.488
"edison","2020-11-04T08:28:47Z",2020,11,4,8,28,47,1604507327,3101851,91,0.435,0.488
"edison","2020-11-04T08:38:48Z",2020,11,4,8,38,48,1604507928,3119566,91,0.434,0.489
"edison","2020-11-04T08:48:48Z",2020,11,4,8,48,48,1604508528,3120479,91,0.434,0.489
"edison","2020-11-04T08:58:49Z",2020,11,4,8,58,49,1604509129,3120836,91,0.434,0.489
"edison","2020-11-04T09:08:51Z",2020,11,4,9,8,51,1604509731,3120976,91,0.434,0.489
"edison","2020-11-04T09:18:52Z",2020,11,4,9,18,52,1604510332,3130265,92,0.435,0.489
"edison","2020-11-04T09:28:48Z",2020,11,4,9,28,48,1604510928,3130701,92,0.435,0.489
"edison","2020-11-04T09:38:48Z",2020,11,4,9,38,48,1604511528,3131550,92,0.435,0.489
"edison","2020-11-04T09:48:48Z",2020,11,4,9,48,48,1604512128,3131836,92,0.435,0.489
"edison","2020-11-04T09:58:49Z",2020,11,4,9,58,49,1604512729,3137107,92,0.435,0.489
"edison","2020-11-04T10:08:52Z",2020,11,4,10,8,52,1604513332,3137717,92,0.435,0.489
"edison","2020-11-04T10:18:48Z",2020,11,4,10,18,48,1604513928,3138628,92,0.435,0.489
"edison","2020-11-04T10:28:50Z",2020,11,4,10,28,50,1604514530,3138930,92,0.435,0.489
"edison","2020-11-04T10:39:21Z",2020,11,4,10,39,21,1604515161,3141469,92,0.435,0.488
"edison","2020-11-04T10:48:48Z",2020,11,4,10,48,48,1604515728,3141936,92,0.435,0.488
"edison","2020-11-04T10:58:48Z",2020,11,4,10,58,48,1604516328,3144852,92,0.435,0.488
"edison","2020-11-04T11:08:48Z",2020,11,4,11,8,48,1604516928,3144919,92,0.435,0.488
"edison","2020-11-04T14:58:50Z",2020,11,4,14,58,50,1604530730,3145433,92,0.435,0.488
"edison","2020-11-04T15:18:49Z",2020,11,4,15,18,49,1604531929,3146044,92,0.435,0.488
"edison","2020-11-04T15:28:50Z",2020,11,4,15,28,50,1604532530,3146300,92,0.435,0.488
"edison","2020-11-04T15:48:51Z",2020,11,4,15,48,51,1604533731,3146832,92,0.435,0.488
"edison","2020-11-04T15:58:51Z",2020,11,4,15,58,51,1604534331,3147562,92,0.435,0.488
"edison","2020-11-04T16:18:50Z",2020,11,4,16,18,50,1604535530,3148139,92,0.435,0.488
"edison","2020-11-04T16:28:49Z",2020,11,4,16,28,49,1604536129,3148141,92,0.435,0.488
"edison","2020-11-04T16:38:49Z",2020,11,4,16,38,49,1604536729,3149438,92,0.435,0.488
"edison","2020-11-04T17:08:50Z",2020,11,4,17,8,50,1604538530,3153616,92,0.435,0.488
"edison","2020-11-04T17:38:48Z",2020,11,4,17,38,48,1604540328,3154888,92,0.435,0.488
"edison","2020-11-04T17:48:52Z",2020,11,4,17,48,52,1604540932,3156650,92,0.435,0.488
"edison","2020-11-04T17:58:50Z",2020,11,4,17,58,50,1604541530,3158377,92,0.435,0.488
"edison","2020-11-04T18:08:49Z",2020,11,4,18,8,49,1604542129,3159199,93,0.435,0.488
"edison","2020-11-04T18:18:48Z",2020,11,4,18,18,48,1604542728,3160640,93,0.435,0.488
"edison","2020-11-04T18:28:51Z",2020,11,4,18,28,51,1604543331,3161025,93,0.435,0.488
"edison","2020-11-04T18:48:51Z",2020,11,4,18,48,51,1604544531,3161613,93,0.435,0.488
"edison","2020-11-04T19:08:49Z",2020,11,4,19,8,49,1604545729,3162785,93,0.435,0.488
"edison","2020-11-04T19:28:50Z",2020,11,4,19,28,50,1604546930,3164434,93,0.435,0.488
"edison","2020-11-04T19:48:48Z",2020,11,4,19,48,48,1604548128,3165132,93,0.435,0.488
"edison","2020-11-04T19:58:48Z",2020,11,4,19,58,48,1604548728,3166309,93,0.435,0.488
"edison","2020-11-04T20:08:49Z",2020,11,4,20,8,49,1604549329,3166966,93,0.435,0.488
"edison","2020-11-04T20:38:49Z",2020,11,4,20,38,49,1604551129,3167066,93,0.435,0.488
"edison","2020-11-04T20:48:52Z",2020,11,4,20,48,52,1604551732,3167548,93,0.435,0.488
"edison","2020-11-04T20:58:49Z",2020,11,4,20,58,49,1604552329,3167799,93,0.435,0.488
"edison","2020-11-04T21:08:51Z",2020,11,4,21,8,51,1604552931,3167989,93,0.435,0.488
"edison","2020-11-04T21:18:52Z",2020,11,4,21,18,52,1604553532,3168568,93,0.435,0.488
"edison","2020-11-04T21:28:51Z",2020,11,4,21,28,51,1604554131,3168576,93,0.435,0.488
"edison","2020-11-04T21:48:50Z",2020,11,4,21,48,50,1604555330,3168733,93,0.435,0.488
"edison","2020-11-04T21:58:51Z",2020,11,4,21,58,51,1604555931,3168979,93,0.435,0.488
"edison","2020-11-04T22:08:48Z",2020,11,4,22,8,48,1604556528,3169436,93,0.435,0.488
"edison","2020-11-04T22:18:49Z",2020,11,4,22,18,49,1604557129,3172683,93,0.435,0.488
"edison","2020-11-04T22:28:48Z",2020,11,4,22,28,48,1604557728,3172687,93,0.435,0.488
"edison","2020-11-04T22:38:50Z",2020,11,4,22,38,50,1604558330,3172688,93,0.435,0.488
"edison","2020-11-04T22:48:48Z",2020,11,4,22,48,48,1604558928,3172693,93,0.435,0.488
"edison","2020-11-04T22:58:48Z",2020,11,4,22,58,48,1604559528,3172695,93,0.435,0.488
"edison","2020-11-04T23:08:49Z",2020,11,4,23,8,49,1604560129,3174167,93,0.435,0.488
"edison","2020-11-04T23:18:47Z",2020,11,4,23,18,47,1604560727,3174196,93,0.435,0.488
"edison","2020-11-04T23:43:49Z",2020,11,4,23,43,49,1604562229,3176895,93,0.435,0.488
"edison","2020-11-04T23:59:52Z",2020,11,4,23,59,52,1604563192,3177044,93,0.435,0.488
"edison","2020-11-05T00:10:49Z",2020,11,5,0,10,49,1604563849,3177524,93,0.435,0.488
"edison","2020-11-05T00:25:51Z",2020,11,5,0,25,51,1604564751,3177774,93,0.435,0.488
"edison","2020-11-05T00:29:49Z",2020,11,5,0,29,49,1604564989,3186531,93,0.435,0.488
"edison","2020-11-05T00:40:50Z",2020,11,5,0,40,50,1604565650,3187088,93,0.435,0.488
"edison","2020-11-05T01:38:48Z",2020,11,5,1,38,48,1604569128,3192698,93,0.435,0.488
"edison","2020-11-05T01:48:48Z",2020,11,5,1,48,48,1604569728,3201746,94,0.435,0.488
"edison","2020-11-05T02:18:57Z",2020,11,5,2,18,57,1604571537,3201962,94,0.435,0.488
"edison","2020-11-05T03:08:48Z",2020,11,5,3,8,48,1604574528,3202034,94,0.435,0.488
"edison","2020-11-05T03:18:45Z",2020,11,5,3,18,45,1604575125,3202189,94,0.435,0.488
"edison","2020-11-05T03:28:44Z",2020,11,5,3,28,44,1604575724,3202198,94,0.435,0.488
"edison","2020-11-05T03:38:44Z",2020,11,5,3,38,44,1604576324,3202227,94,0.435,0.488
"edison","2020-11-05T03:48:43Z",2020,11,5,3,48,43,1604576923,3202254,94,0.435,0.488
"edison","2020-11-05T03:58:47Z",2020,11,5,3,58,47,1604577527,3202268,94,0.435,0.488
"edison","2020-11-05T04:08:43Z",2020,11,5,4,8,43,1604578123,3202275,94,0.435,0.488
"edison","2020-11-05T04:18:47Z",2020,11,5,4,18,47,1604578727,3202287,94,0.435,0.488
"edison","2020-11-05T04:28:43Z",2020,11,5,4,28,43,1604579323,3202293,94,0.435,0.488
"edison","2020-11-05T04:38:45Z",2020,11,5,4,38,45,1604579925,3202325,94,0.435,0.488
"edison","2020-11-05T04:48:47Z",2020,11,5,4,48,47,1604580527,3202327,94,0.435,0.488
"edison","2020-11-05T04:58:43Z",2020,11,5,4,58,43,1604581123,3202334,94,0.435,0.488
"edison","2020-11-05T05:08:50Z",2020,11,5,5,8,50,1604581730,3202349,94,0.435,0.488
"edison","2020-11-05T05:18:48Z",2020,11,5,5,18,48,1604582328,3202362,94,0.435,0.488
"edison","2020-11-05T05:28:45Z",2020,11,5,5,28,45,1604582925,3202383,94,0.435,0.488
"edison","2020-11-05T05:38:46Z",2020,11,5,5,38,46,1604583526,3202401,94,0.435,0.488
"edison","2020-11-05T05:48:48Z",2020,11,5,5,48,48,1604584128,3202418,94,0.435,0.488
"edison","2020-11-05T05:58:47Z",2020,11,5,5,58,47,1604584727,3202428,94,0.435,0.488
"edison","2020-11-05T06:08:44Z",2020,11,5,6,8,44,1604585324,3202435,94,0.435,0.488
"edison","2020-11-05T16:38:46Z",2020,11,5,16,38,46,1604623126,3202444,94,0.435,0.488
"edison","2020-11-05T18:18:44Z",2020,11,5,18,18,44,1604629124,3202451,94,0.435,0.488
"edison","2020-11-05T18:28:44Z",2020,11,5,18,28,44,1604629724,3202500,94,0.435,0.488
"edison","2020-11-05T19:13:45Z",2020,11,5,19,13,45,1604632425,3202502,94,0.435,0.488
"edison","2020-11-05T19:38:38Z",2020,11,5,19,38,38,1604633918,3202508,94,0.435,0.488
"edison","2020-11-05T20:28:38Z",2020,11,5,20,28,38,1604636918,3202532,94,0.435,0.488
"edison","2020-11-05T20:38:39Z",2020,11,5,20,38,39,1604637519,3204000,94,0.435,0.488
"edison","2020-11-05T20:48:38Z",2020,11,5,20,48,38,1604638118,3204002,94,0.435,0.488
"edison","2020-11-05T20:58:38Z",2020,11,5,20,58,38,1604638718,3204065,94,0.435,0.488
"edison","2020-11-05T21:08:39Z",2020,11,5,21,8,39,1604639319,3204968,94,0.435,0.488
"edison","2020-11-05T21:18:39Z",2020,11,5,21,18,39,1604639919,3205331,94,0.435,0.488
"edison","2020-11-05T21:28:38Z",2020,11,5,21,28,38,1604640518,3205693,94,0.435,0.488
"edison","2020-11-05T21:38:38Z",2020,11,5,21,38,38,1604641118,3205782,94,0.435,0.488
"edison","2020-11-05T21:48:38Z",2020,11,5,21,48,38,1604641718,3205842,94,0.435,0.488
"edison","2020-11-05T21:58:38Z",2020,11,5,21,58,38,1604642318,3206191,94,0.435,0.488
"edison","2020-11-05T22:08:38Z",2020,11,5,22,8,38,1604642918,3206194,94,0.435,0.488
"edison","2020-11-05T22:18:38Z",2020,11,5,22,18,38,1604643518,3206437,94,0.435,0.488
"edison","2020-11-05T22:28:38Z",2020,11,5,22,28,38,1604644118,3206515,94,0.435,0.488
"edison","2020-11-05T22:38:38Z",2020,11,5,22,38,38,1604644718,3206948,94,0.435,0.488
"edison","2020-11-05T22:48:38Z",2020,11,5,22,48,38,1604645318,3206987,94,0.435,0.488
"edison","2020-11-05T22:58:42Z",2020,11,5,22,58,42,1604645922,3207254,94,0.435,0.488
"edison","2020-11-05T23:08:37Z",2020,11,5,23,8,37,1604646517,3207419,94,0.435,0.488
"edison","2020-11-05T23:28:38Z",2020,11,5,23,28,38,1604647718,3207504,94,0.435,0.488
"edison","2020-11-05T23:58:42Z",2020,11,5,23,58,42,1604649522,3207505,94,0.435,0.488
"edison","2020-11-06T00:28:38Z",2020,11,6,0,28,38,1604651318,3207852,94,0.435,0.488
"edison","2020-11-06T00:58:38Z",2020,11,6,0,58,38,1604653118,3207853,94,0.435,0.488
"edison","2020-11-06T15:28:38Z",2020,11,6,15,28,38,1604705318,3207855,94,0.435,0.488
"edison","2020-11-06T15:38:37Z",2020,11,6,15,38,37,1604705917,3207856,94,0.435,0.488
"edison","2020-11-06T15:41:52Z",2020,11,6,15,41,52,1604706112,3213441,94,0.435,0.488
"edison","2020-11-06T16:28:40Z",2020,11,6,16,28,40,1604708920,3213472,94,0.435,0.488
"edison","2020-11-06T17:08:41Z",2020,11,6,17,8,41,1604711321,3213480,94,0.435,0.488
"edison","2020-11-06T17:18:38Z",2020,11,6,17,18,38,1604711918,3213481,94,0.435,0.488
"edison","2020-11-06T17:28:39Z",2020,11,6,17,28,39,1604712519,3213484,94,0.435,0.488
"edison","2020-11-06T17:48:39Z",2020,11,6,17,48,39,1604713719,3213491,94,0.435,0.488
"edison","2020-11-06T17:58:38Z",2020,11,6,17,58,38,1604714318,3213496,94,0.435,0.488
"edison","2020-11-06T18:38:44Z",2020,11,6,18,38,44,1604716724,3213569,94,0.435,0.488
"edison","2020-11-06T18:58:38Z",2020,11,6,18,58,38,1604717918,3213570,94,0.435,0.488
"edison","2020-11-06T19:08:38Z",2020,11,6,19,8,38,1604718518,3213703,94,0.435,0.488
"edison","2020-11-06T19:18:38Z",2020,11,6,19,18,38,1604719118,3213747,94,0.435,0.488
"edison","2020-11-06T19:28:40Z",2020,11,6,19,28,40,1604719720,3213771,94,0.435,0.488
"edison","2020-11-06T19:38:38Z",2020,11,6,19,38,38,1604720318,3213772,94,0.435,0.488
"edison","2020-11-06T19:58:37Z",2020,11,6,19,58,37,1604721517,3213774,94,0.435,0.488
"edison","2020-11-06T20:08:39Z",2020,11,6,20,8,39,1604722119,3213776,94,0.435,0.488
"edison","2020-11-06T21:08:40Z",2020,11,6,21,8,40,1604725720,3213783,94,0.435,0.488
"edison","2020-11-06T21:18:39Z",2020,11,6,21,18,39,1604726319,3213785,94,0.435,0.488
"edison","2020-11-06T21:28:43Z",2020,11,6,21,28,43,1604726923,3213837,94,0.435,0.488
"edison","2020-11-06T21:48:41Z",2020,11,6,21,48,41,1604728121,3213849,94,0.435,0.488
"edison","2020-11-06T21:58:38Z",2020,11,6,21,58,38,1604728718,3213851,94,0.435,0.488
"edison","2020-11-06T22:08:37Z",2020,11,6,22,8,37,1604729317,3213852,94,0.435,0.488
"edison","2020-11-06T22:18:39Z",2020,11,6,22,18,39,1604729919,3213866,94,0.435,0.488
"edison","2020-11-06T22:28:38Z",2020,11,6,22,28,38,1604730518,3213867,94,0.435,0.488
"edison","2020-11-06T22:38:37Z",2020,11,6,22,38,37,1604731117,3213870,94,0.435,0.488
"edison","2020-11-06T22:48:38Z",2020,11,6,22,48,38,1604731718,3213876,94,0.435,0.488
"edison","2020-11-06T22:58:41Z",2020,11,6,22,58,41,1604732321,3213881,94,0.435,0.488
"edison","2020-11-06T23:08:39Z",2020,11,6,23,8,39,1604732919,3213885,94,0.435,0.488
"edison","2020-11-06T23:18:38Z",2020,11,6,23,18,38,1604733518,3213886,94,0.435,0.488
"edison","2020-11-06T23:48:37Z",2020,11,6,23,48,37,1604735317,3213889,94,0.435,0.488
"edison","2020-11-07T00:28:42Z",2020,11,7,0,28,42,1604737722,3213900,94,0.435,0.488
"edison","2020-11-07T14:58:37Z",2020,11,7,14,58,37,1604789917,3213948,94,0.435,0.488
"edison","2020-11-07T15:08:37Z",2020,11,7,15,8,37,1604790517,3213955,94,0.435,0.488
"edison","2020-11-07T15:18:38Z",2020,11,7,15,18,38,1604791118,3214015,94,0.435,0.488
"edison","2020-11-07T15:28:41Z",2020,11,7,15,28,41,1604791721,3214119,94,0.435,0.488
"edison","2020-11-07T15:38:37Z",2020,11,7,15,38,37,1604792317,3214180,94,0.435,0.488
"edison","2020-11-07T15:48:41Z",2020,11,7,15,48,41,1604792921,3214209,94,0.435,0.488
"edison","2020-11-07T20:28:39Z",2020,11,7,20,28,39,1604809719,3214306,94,0.435,0.488
"edison","2020-11-08T16:28:28Z",2020,11,8,16,28,28,1604881708,3214306,97,0.435,0.488
"edison","2020-11-09T17:28:39Z",2020,11,9,17,28,39,1604971719,3214309,97,0.435,0.488
"edison","2020-11-09T17:58:40Z",2020,11,9,17,58,40,1604973520,3214314,97,0.435,0.488
"edison","2020-11-09T20:28:38Z",2020,11,9,20,28,38,1604982518,3214319,97,0.435,0.488
"edison","2020-11-09T21:18:38Z",2020,11,9,21,18,38,1604985518,3214322,97,0.435,0.488
"edison","2020-11-09T21:28:38Z",2020,11,9,21,28,38,1604986118,3214366,97,0.435,0.488
"edison","2020-11-09T21:38:38Z",2020,11,9,21,38,38,1604986718,3214367,97,0.435,0.488
"edison","2020-11-09T21:48:38Z",2020,11,9,21,48,38,1604987318,3214369,97,0.435,0.488
"edison","2020-11-09T21:58:39Z",2020,11,9,21,58,39,1604987919,3214375,97,0.435,0.488
"edison","2020-11-09T22:08:38Z",2020,11,9,22,8,38,1604988518,3214406,97,0.435,0.488
"edison","2020-11-09T22:18:37Z",2020,11,9,22,18,37,1604989117,3214410,97,0.435,0.488
"edison","2020-11-09T22:28:38Z",2020,11,9,22,28,38,1604989718,3214418,97,0.435,0.488
"edison","2020-11-09T23:18:39Z",2020,11,9,23,18,39,1604992719,3214423,97,0.435,0.488
"edison","2020-11-10T01:08:39Z",2020,11,10,1,8,39,1604999319,3214430,97,0.435,0.488
"edison","2020-11-10T01:48:53Z",2020,11,10,1,48,53,1605001733,3214914,97,0.435,0.488
"edison","2020-11-10T05:18:51Z",2020,11,10,5,18,51,1605014331,3214915,97,0.435,0.488
"edison","2020-11-10T05:28:41Z",2020,11,10,5,28,41,1605014921,3214918,97,0.435,0.488
"edison","2020-11-10T15:58:46Z",2020,11,10,15,58,46,1605052726,3214924,97,0.435,0.488
"edison","2020-11-10T16:18:46Z",2020,11,10,16,18,46,1605053926,3214925,97,0.435,0.488
"edison","2020-11-10T16:28:48Z",2020,11,10,16,28,48,1605054528,3214926,97,0.435,0.488
"edison","2020-11-10T16:38:51Z",2020,11,10,16,38,51,1605055131,3214928,97,0.435,0.488
"edison","2020-11-10T16:48:50Z",2020,11,10,16,48,50,1605055730,3214943,97,0.435,0.488
"edison","2020-11-10T16:58:47Z",2020,11,10,16,58,47,1605056327,3214947,97,0.435,0.488
"edison","2020-11-10T17:28:50Z",2020,11,10,17,28,50,1605058130,3214948,97,0.435,0.488
"edison","2020-11-10T17:38:45Z",2020,11,10,17,38,45,1605058725,3214956,97,0.435,0.488
"edison","2020-11-10T17:48:46Z",2020,11,10,17,48,46,1605059326,3214957,97,0.435,0.488
"edison","2020-11-10T17:58:45Z",2020,11,10,17,58,45,1605059925,3214960,97,0.435,0.488
"edison","2020-11-10T18:08:47Z",2020,11,10,18,8,47,1605060527,3214964,97,0.435,0.488
"edison","2020-11-10T18:18:47Z",2020,11,10,18,18,47,1605061127,3214965,97,0.435,0.488
"edison","2020-11-10T18:28:46Z",2020,11,10,18,28,46,1605061726,3214966,97,0.435,0.488
"edison","2020-11-10T18:48:46Z",2020,11,10,18,48,46,1605062926,3214978,97,0.435,0.488
"edison","2020-11-10T19:18:50Z",2020,11,10,19,18,50,1605064730,3215012,97,0.435,0.488
"edison","2020-11-10T19:28:48Z",2020,11,10,19,28,48,1605065328,3215077,97,0.435,0.488
"edison","2020-11-10T19:38:50Z",2020,11,10,19,38,50,1605065930,3215114,97,0.435,0.488
"edison","2020-11-10T19:58:45Z",2020,11,10,19,58,45,1605067125,3215116,97,0.435,0.488
"edison","2020-11-10T20:08:45Z",2020,11,10,20,8,45,1605067725,3215123,97,0.435,0.488
"edison","2020-11-10T20:28:49Z",2020,11,10,20,28,49,1605068929,3215129,97,0.435,0.488
"edison","2020-11-10T20:38:46Z",2020,11,10,20,38,46,1605069526,3215144,97,0.435,0.488
"edison","2020-11-10T20:58:47Z",2020,11,10,20,58,47,1605070727,3215148,97,0.435,0.488
"edison","2020-11-10T21:08:48Z",2020,11,10,21,8,48,1605071328,3215158,97,0.435,0.488
"edison","2020-11-10T21:28:46Z",2020,11,10,21,28,46,1605072526,3215159,97,0.435,0.488
"edison","2020-11-10T21:48:48Z",2020,11,10,21,48,48,1605073728,3215179,97,0.435,0.488
"edison","2020-11-10T22:08:47Z",2020,11,10,22,8,47,1605074927,3215239,97,0.435,0.488
"edison","2020-11-10T22:18:46Z",2020,11,10,22,18,46,1605075526,3215249,97,0.435,0.488
"edison","2020-11-10T22:28:46Z",2020,11,10,22,28,46,1605076126,3215261,97,0.435,0.488
"edison","2020-11-10T22:38:48Z",2020,11,10,22,38,48,1605076728,3215579,97,0.435,0.488
"edison","2020-11-10T22:58:46Z",2020,11,10,22,58,46,1605077926,3215598,97,0.435,0.488
"edison","2020-11-10T23:08:46Z",2020,11,10,23,8,46,1605078526,3215602,97,0.435,0.488
"edison","2020-11-10T23:18:49Z",2020,11,10,23,18,49,1605079129,3215608,97,0.435,0.488
"edison","2020-11-10T23:28:46Z",2020,11,10,23,28,46,1605079726,3215612,97,0.435,0.488
"edison","2020-11-10T23:38:47Z",2020,11,10,23,38,47,1605080327,3215634,97,0.435,0.488
"edison","2020-11-10T23:48:46Z",2020,11,10,23,48,46,1605080926,3215637,97,0.435,0.488
"edison","2020-11-11T00:28:45Z",2020,11,11,0,28,45,1605083325,3215642,97,0.435,0.488
"edison","2020-11-11T00:48:46Z",2020,11,11,0,48,46,1605084526,3215643,97,0.435,0.488
"edison","2020-11-11T01:48:45Z",2020,11,11,1,48,45,1605088125,3215650,97,0.435,0.488
"edison","2020-11-11T02:28:45Z",2020,11,11,2,28,45,1605090525,3215652,97,0.435,0.488
"edison","2020-11-11T02:30:38Z",2020,11,11,2,30,38,1605090638,3214914,97,0.435,0.488
"edison","2020-11-11T02:38:41Z",2020,11,11,2,38,41,1605091121,3214921,97,0.435,0.488
"edison","2020-11-11T05:08:57Z",2020,11,11,5,8,57,1605100137,3214930,97,0.435,0.488
"edison","2020-11-11T15:58:45Z",2020,11,11,15,58,45,1605139125,3214931,97,0.435,0.488
"edison","2020-11-11T16:08:46Z",2020,11,11,16,8,46,1605139726,3214938,97,0.435,0.488
"edison","2020-11-11T16:18:46Z",2020,11,11,16,18,46,1605140326,3214939,97,0.435,0.488
"edison","2020-11-11T16:48:45Z",2020,11,11,16,48,45,1605142125,3214940,97,0.435,0.488
"edison","2020-11-11T16:58:45Z",2020,11,11,16,58,45,1605142725,3214941,97,0.435,0.488
"edison","2020-11-11T17:18:45Z",2020,11,11,17,18,45,1605143925,3214942,97,0.435,0.488
"edison","2020-11-11T17:38:47Z",2020,11,11,17,38,47,1605145127,3214945,97,0.435,0.488
"edison","2020-11-11T17:48:46Z",2020,11,11,17,48,46,1605145726,3214946,97,0.435,0.488
"edison","2020-11-11T17:58:46Z",2020,11,11,17,58,46,1605146326,3214947,97,0.435,0.488
"edison","2020-11-11T20:08:45Z",2020,11,11,20,8,45,1605154125,3214950,97,0.435,0.488
"edison","2020-11-12T15:18:51Z",2020,11,12,15,18,51,1605223131,3214951,97,0.435,0.488
"edison","2020-11-12T15:28:46Z",2020,11,12,15,28,46,1605223726,3214954,97,0.435,0.488
"edison","2020-11-12T15:38:46Z",2020,11,12,15,38,46,1605224326,3214957,97,0.435,0.488
"edison","2020-11-12T15:48:45Z",2020,11,12,15,48,45,1605224925,3214959,97,0.435,0.488
"edison","2020-11-12T15:58:45Z",2020,11,12,15,58,45,1605225525,3214965,97,0.435,0.488
"edison","2020-11-12T16:08:46Z",2020,11,12,16,8,46,1605226126,3214966,97,0.435,0.488
"edison","2020-11-13T01:28:45Z",2020,11,13,1,28,45,1605259725,3214967,97,0.435,0.488
"edison","2020-11-19T17:10:46Z",2020,11,19,17,10,46,1605834646,3216022,97,0.435,0.488
"edison","2020-11-19T18:00:48Z",2020,11,19,18,0,48,1605837648,3216025,97,0.435,0.488
"ap","2020-11-19T17:59:32.590Z",NA,NA,NA,NA,NA,NA,NA,3211666,99,0.435,0.488
"edison","2020-11-21T01:20:56Z",2020,11,21,1,20,56,1605950456,3216341,97,0.435,0.488
"edison","2020-11-24T18:40:55Z",2020,11,24,18,40,55,1606272055,3216382,97,0.435,0.488
"edison","2020-11-25T15:33:02Z",2020,11,25,15,33,2,1606347182,3216382,98,0.435,0.488
"edison","2020-11-26T18:21:47Z",2020,11,26,18,21,47,1606443707,3216376,98,0.435,0.488
"edison","2020-11-26T18:29:01Z",2020,11,26,18,29,1,1606444141,3216379,98,0.435,0.488
"edison","2020-11-27T03:08:49Z",2020,11,27,3,8,49,1606475329,3216386,98,0.435,0.488
"edison","2020-11-27T03:20:27Z",2020,11,27,3,20,27,1606476027,3216384,98,0.435,0.488
"edison","2020-11-27T03:25:02Z",2020,11,27,3,25,2,1606476302,3216383,98,0.435,0.488
"edison","2020-11-27T03:26:51Z",2020,11,27,3,26,51,1606476411,3216368,98,0.435,0.488
"edison","2020-11-27T03:30:34Z",2020,11,27,3,30,34,1606476634,3216367,98,0.435,0.488
"edison","2020-11-27T03:40:34Z",2020,11,27,3,40,34,1606477234,3216366,98,0.435,0.488
"edison","2020-11-27T03:42:25Z",2020,11,27,3,42,25,1606477345,3216393,98,0.435,0.488
"edison","2020-11-27T03:46:31Z",2020,11,27,3,46,31,1606477591,3216379,98,0.435,0.488
"edison","2020-11-27T03:48:37Z",2020,11,27,3,48,37,1606477717,3216373,98,0.435,0.488
"edison","2020-11-27T03:52:38Z",2020,11,27,3,52,38,1606477958,3216395,98,0.435,0.488
"edison","2020-11-27T03:54:31Z",2020,11,27,3,54,31,1606478071,3216031,98,0.435,0.488
"edison","2020-11-27T03:56:16Z",2020,11,27,3,56,16,1606478176,3216029,98,0.435,0.488
"edison","2020-11-27T03:58:31Z",2020,11,27,3,58,31,1606478311,3216025,98,0.435,0.488
"edison","2020-11-27T04:00:07Z",2020,11,27,4,0,7,1606478407,3216018,98,0.435,0.488
"edison","2020-11-27T04:07:55Z",2020,11,27,4,7,55,1606478875,3216012,98,0.435,0.488
"edison","2020-11-27T04:10:02Z",2020,11,27,4,10,2,1606479002,3211992,98,0.435,0.488
"edison","2020-11-27T04:30:42Z",2020,11,27,4,30,42,1606480242,3211991,98,0.435,0.488
"edison","2020-11-27T04:33:05Z",2020,11,27,4,33,5,1606480385,3211986,98,0.435,0.488
"edison","2020-11-27T04:38:53Z",2020,11,27,4,38,53,1606480733,3211985,98,0.435,0.488
"edison","2020-11-27T04:44:45Z",2020,11,27,4,44,45,1606481085,3211995,98,0.435,0.488
