"eevp_source","timestamp","year","mon","mday","hour","min","sec","sec_offset","votes","eevp","vote_shares_marshallr","vote_shares_bollierb"
"edison","2020-11-04T10:01:44Z",2020,11,4,10,1,44,1604512904,0,0,0,0
"edison","2020-11-04T01:10:06Z",2020,11,4,1,10,6,1604481006,4950,0,0.539,0.43
"edison","2020-11-04T01:18:29Z",2020,11,4,1,18,29,1604481509,6500,0,0.551,0.414
"edison","2020-11-04T01:21:21Z",2020,11,4,1,21,21,1604481681,7800,1,0.581,0.382
"edison","2020-11-04T01:29:48Z",2020,11,4,1,29,48,1604482188,22839,2,0.435,0.533
"edison","2020-11-04T01:31:44Z",2020,11,4,1,31,44,1604482304,24062,2,0.442,0.525
"edison","2020-11-04T01:31:44Z",2020,11,4,1,31,44,1604482304,24062,2,0.442,0.525
"edison","2020-11-04T01:35:52Z",2020,11,4,1,35,52,1604482552,39179,3,0.472,0.493
"edison","2020-11-04T01:36:10Z",2020,11,4,1,36,10,1604482570,291440,22,0.422,0.573
"edison","2020-11-04T01:45:39Z",2020,11,4,1,45,39,1604483139,292195,22,0.422,0.572
"edison","2020-11-04T01:50:00Z",2020,11,4,1,50,0,1604483400,297546,22,0.424,0.57
"edison","2020-11-04T01:50:52Z",2020,11,4,1,50,52,1604483452,303333,23,0.426,0.566
"edison","2020-11-04T01:51:26Z",2020,11,4,1,51,26,1604483486,309366,23,0.429,0.563
"edison","2020-11-04T01:51:50Z",2020,11,4,1,51,50,1604483510,334779,25,0.437,0.553
"edison","2020-11-04T01:57:11Z",2020,11,4,1,57,11,1604483831,335889,25,0.437,0.552
"edison","2020-11-04T01:58:11Z",2020,11,4,1,58,11,1604483891,336680,25,0.438,0.551
"edison","2020-11-04T01:58:15Z",2020,11,4,1,58,15,1604483895,468635,35,0.451,0.532
"edison","2020-11-04T02:03:16Z",2020,11,4,2,3,16,1604484196,471392,35,0.451,0.531
"edison","2020-11-04T02:05:02Z",2020,11,4,2,5,2,1604484302,471934,35,0.452,0.53
"edison","2020-11-04T02:06:33Z",2020,11,4,2,6,33,1604484393,473372,36,0.453,0.529
"edison","2020-11-04T02:08:06Z",2020,11,4,2,8,6,1604484486,488388,37,0.456,0.525
"edison","2020-11-04T02:08:52Z",2020,11,4,2,8,52,1604484532,491746,37,0.458,0.523
"edison","2020-11-04T02:09:34Z",2020,11,4,2,9,34,1604484574,495275,37,0.46,0.521
"edison","2020-11-04T02:11:21Z",2020,11,4,2,11,21,1604484681,507628,38,0.461,0.519
"edison","2020-11-04T02:13:28Z",2020,11,4,2,13,28,1604484808,509528,38,0.462,0.518
"edison","2020-11-04T02:15:54Z",2020,11,4,2,15,54,1604484954,513649,39,0.464,0.515
"edison","2020-11-04T02:19:55Z",2020,11,4,2,19,55,1604485195,515223,39,0.466,0.514
"edison","2020-11-04T02:22:20Z",2020,11,4,2,22,20,1604485340,516404,39,0.466,0.514
"edison","2020-11-04T02:23:42Z",2020,11,4,2,23,42,1604485422,517731,39,0.466,0.513
"edison","2020-11-04T02:23:52Z",2020,11,4,2,23,52,1604485432,521164,39,0.468,0.511
"edison","2020-11-04T02:25:05Z",2020,11,4,2,25,5,1604485505,521811,39,0.469,0.511
"edison","2020-11-04T02:28:06Z",2020,11,4,2,28,6,1604485686,563676,42,0.458,0.52
"edison","2020-11-04T02:28:32Z",2020,11,4,2,28,32,1604485712,565014,42,0.459,0.519
"edison","2020-11-04T02:28:48Z",2020,11,4,2,28,48,1604485728,566452,43,0.459,0.519
"edison","2020-11-04T02:30:24Z",2020,11,4,2,30,24,1604485824,595526,45,0.462,0.514
"edison","2020-11-04T02:31:05Z",2020,11,4,2,31,5,1604485865,599793,45,0.463,0.512
"edison","2020-11-04T02:32:33Z",2020,11,4,2,32,33,1604485953,603012,45,0.464,0.511
"edison","2020-11-04T02:32:52Z",2020,11,4,2,32,52,1604485972,617685,46,0.466,0.509
"edison","2020-11-04T02:34:43Z",2020,11,4,2,34,43,1604486083,703285,53,0.474,0.483
"edison","2020-11-04T02:37:52Z",2020,11,4,2,37,52,1604486272,716359,54,0.477,0.48
"edison","2020-11-04T02:39:25Z",2020,11,4,2,39,25,1604486365,726683,55,0.478,0.478
"edison","2020-11-04T02:42:12Z",2020,11,4,2,42,12,1604486532,727341,55,0.478,0.478
"edison","2020-11-04T02:43:13Z",2020,11,4,2,43,13,1604486593,728675,55,0.479,0.478
"edison","2020-11-04T02:43:16Z",2020,11,4,2,43,16,1604486596,730634,55,0.48,0.477
"edison","2020-11-04T02:45:19Z",2020,11,4,2,45,19,1604486719,740766,56,0.484,0.473
"edison","2020-11-04T02:47:52Z",2020,11,4,2,47,52,1604486872,745378,56,0.485,0.471
"edison","2020-11-04T02:50:06Z",2020,11,4,2,50,6,1604487006,748071,56,0.486,0.47
"edison","2020-11-04T02:52:39Z",2020,11,4,2,52,39,1604487159,748849,56,0.486,0.47
"edison","2020-11-04T02:53:32Z",2020,11,4,2,53,32,1604487212,757957,57,0.488,0.467
"edison","2020-11-04T02:53:43Z",2020,11,4,2,53,43,1604487223,758966,57,0.489,0.467
"edison","2020-11-04T02:54:04Z",2020,11,4,2,54,4,1604487244,764693,57,0.49,0.466
"edison","2020-11-04T02:54:49Z",2020,11,4,2,54,49,1604487289,766148,58,0.49,0.465
"edison","2020-11-04T02:56:31Z",2020,11,4,2,56,31,1604487391,768511,58,0.491,0.465
"edison","2020-11-04T02:57:04Z",2020,11,4,2,57,4,1604487424,769043,58,0.491,0.464
"edison","2020-11-04T03:00:18Z",2020,11,4,3,0,18,1604487618,772532,58,0.493,0.463
"edison","2020-11-04T03:00:44Z",2020,11,4,3,0,44,1604487644,776507,58,0.493,0.463
"edison","2020-11-04T03:01:52Z",2020,11,4,3,1,52,1604487712,777911,58,0.493,0.462
"edison","2020-11-04T03:03:52Z",2020,11,4,3,3,52,1604487832,795999,60,0.496,0.459
"edison","2020-11-04T03:04:06Z",2020,11,4,3,4,6,1604487846,796631,60,0.496,0.459
"edison","2020-11-04T03:04:38Z",2020,11,4,3,4,38,1604487878,798785,60,0.497,0.458
"edison","2020-11-04T03:05:34Z",2020,11,4,3,5,34,1604487934,799047,60,0.497,0.458
"edison","2020-11-04T03:06:20Z",2020,11,4,3,6,20,1604487980,809735,61,0.497,0.458
"edison","2020-11-04T03:06:48Z",2020,11,4,3,6,48,1604488008,822843,62,0.501,0.453
"edison","2020-11-04T03:07:57Z",2020,11,4,3,7,57,1604488077,825906,62,0.502,0.453
"edison","2020-11-04T03:09:34Z",2020,11,4,3,9,34,1604488174,834001,63,0.504,0.45
"edison","2020-11-04T03:10:35Z",2020,11,4,3,10,35,1604488235,834370,63,0.504,0.45
"edison","2020-11-04T03:11:32Z",2020,11,4,3,11,32,1604488292,839294,63,0.505,0.45
"edison","2020-11-04T03:13:10Z",2020,11,4,3,13,10,1604488390,847232,64,0.507,0.447
"edison","2020-11-04T03:14:30Z",2020,11,4,3,14,30,1604488470,853231,64,0.508,0.446
"edison","2020-11-04T03:14:49Z",2020,11,4,3,14,49,1604488489,854863,64,0.509,0.445
"edison","2020-11-04T03:15:22Z",2020,11,4,3,15,22,1604488522,855488,64,0.509,0.445
"edison","2020-11-04T03:16:13Z",2020,11,4,3,16,13,1604488573,859321,65,0.51,0.444
"edison","2020-11-04T03:16:36Z",2020,11,4,3,16,36,1604488596,861055,65,0.511,0.443
"edison","2020-11-04T03:18:47Z",2020,11,4,3,18,47,1604488727,862974,65,0.511,0.443
"edison","2020-11-04T03:19:12Z",2020,11,4,3,19,12,1604488752,864877,65,0.512,0.442
"edison","2020-11-04T03:20:46Z",2020,11,4,3,20,46,1604488846,867884,65,0.512,0.442
"edison","2020-11-04T03:24:01Z",2020,11,4,3,24,1,1604489041,869560,65,0.512,0.442
"edison","2020-11-04T03:24:44Z",2020,11,4,3,24,44,1604489084,870052,65,0.512,0.442
"edison","2020-11-04T03:25:25Z",2020,11,4,3,25,25,1604489125,871109,65,0.512,0.442
"edison","2020-11-04T03:25:45Z",2020,11,4,3,25,45,1604489145,873321,66,0.513,0.441
"edison","2020-11-04T03:26:04Z",2020,11,4,3,26,4,1604489164,873975,66,0.513,0.441
"edison","2020-11-04T03:26:47Z",2020,11,4,3,26,47,1604489207,874730,66,0.514,0.44
"edison","2020-11-04T03:27:49Z",2020,11,4,3,27,49,1604489269,878296,66,0.515,0.439
"edison","2020-11-04T03:28:30Z",2020,11,4,3,28,30,1604489310,880544,66,0.515,0.439
"edison","2020-11-04T03:29:37Z",2020,11,4,3,29,37,1604489377,882055,66,0.516,0.438
"edison","2020-11-04T03:30:20Z",2020,11,4,3,30,20,1604489420,886995,67,0.517,0.437
"edison","2020-11-04T03:32:33Z",2020,11,4,3,32,33,1604489553,887580,67,0.517,0.437
"edison","2020-11-04T03:33:43Z",2020,11,4,3,33,43,1604489623,892521,67,0.518,0.436
"edison","2020-11-04T03:35:05Z",2020,11,4,3,35,5,1604489705,893858,67,0.518,0.436
"edison","2020-11-04T03:35:51Z",2020,11,4,3,35,51,1604489751,898980,68,0.519,0.435
"edison","2020-11-04T03:36:53Z",2020,11,4,3,36,53,1604489813,902108,68,0.52,0.434
"edison","2020-11-04T03:38:13Z",2020,11,4,3,38,13,1604489893,902550,68,0.52,0.434
"edison","2020-11-04T03:42:11Z",2020,11,4,3,42,11,1604490131,906981,68,0.521,0.432
"edison","2020-11-04T03:43:12Z",2020,11,4,3,43,12,1604490192,907889,68,0.522,0.432
"edison","2020-11-04T03:43:33Z",2020,11,4,3,43,33,1604490213,910136,68,0.522,0.431
"edison","2020-11-04T03:48:11Z",2020,11,4,3,48,11,1604490491,910293,68,0.522,0.431
"edison","2020-11-04T03:48:44Z",2020,11,4,3,48,44,1604490524,946635,71,0.511,0.442
"edison","2020-11-04T03:49:08Z",2020,11,4,3,49,8,1604490548,951941,72,0.513,0.441
"edison","2020-11-04T03:54:22Z",2020,11,4,3,54,22,1604490862,955799,72,0.513,0.44
"edison","2020-11-04T03:55:53Z",2020,11,4,3,55,53,1604490953,959812,72,0.514,0.439
"edison","2020-11-04T03:56:59Z",2020,11,4,3,56,59,1604491019,993273,75,0.519,0.433
"edison","2020-11-04T03:59:30Z",2020,11,4,3,59,30,1604491170,993895,75,0.52,0.433
"edison","2020-11-04T04:01:06Z",2020,11,4,4,1,6,1604491266,994479,75,0.52,0.433
"edison","2020-11-04T04:02:08Z",2020,11,4,4,2,8,1604491328,997663,75,0.52,0.433
"edison","2020-11-04T04:03:13Z",2020,11,4,4,3,13,1604491393,998104,75,0.52,0.433
"edison","2020-11-04T04:04:51Z",2020,11,4,4,4,51,1604491491,1001112,75,0.52,0.432
"edison","2020-11-04T04:05:08Z",2020,11,4,4,5,8,1604491508,1002969,75,0.521,0.432
"edison","2020-11-04T04:05:40Z",2020,11,4,4,5,40,1604491540,1004120,75,0.521,0.431
"edison","2020-11-04T04:06:11Z",2020,11,4,4,6,11,1604491571,1005771,76,0.522,0.431
"edison","2020-11-04T04:06:29Z",2020,11,4,4,6,29,1604491589,1007012,76,0.522,0.431
"edison","2020-11-04T04:06:43Z",2020,11,4,4,6,43,1604491603,1009507,76,0.522,0.43
"edison","2020-11-04T04:07:06Z",2020,11,4,4,7,6,1604491626,1009877,76,0.523,0.43
"edison","2020-11-04T04:07:27Z",2020,11,4,4,7,27,1604491647,1010107,76,0.523,0.43
"edison","2020-11-04T04:08:50Z",2020,11,4,4,8,50,1604491730,1013118,76,0.523,0.429
"edison","2020-11-04T04:10:32Z",2020,11,4,4,10,32,1604491832,1014416,76,0.524,0.429
"edison","2020-11-04T04:11:33Z",2020,11,4,4,11,33,1604491893,1015207,76,0.524,0.429
"edison","2020-11-04T04:13:42Z",2020,11,4,4,13,42,1604492022,1017849,77,0.525,0.428
"edison","2020-11-04T04:14:01Z",2020,11,4,4,14,1,1604492041,1063895,80,0.528,0.424
"edison","2020-11-04T04:15:38Z",2020,11,4,4,15,38,1604492138,1065179,80,0.528,0.424
"edison","2020-11-04T04:17:47Z",2020,11,4,4,17,47,1604492267,1067404,80,0.528,0.423
"edison","2020-11-04T04:24:43Z",2020,11,4,4,24,43,1604492683,1085098,82,0.527,0.424
"edison","2020-11-04T04:25:07Z",2020,11,4,4,25,7,1604492707,1085699,82,0.527,0.424
"edison","2020-11-04T04:26:45Z",2020,11,4,4,26,45,1604492805,1085770,82,0.527,0.424
"edison","2020-11-04T04:28:07Z",2020,11,4,4,28,7,1604492887,1088301,82,0.527,0.424
"edison","2020-11-04T04:34:41Z",2020,11,4,4,34,41,1604493281,1093388,82,0.527,0.424
"edison","2020-11-04T04:39:35Z",2020,11,4,4,39,35,1604493575,1094268,82,0.527,0.424
"edison","2020-11-04T04:42:45Z",2020,11,4,4,42,45,1604493765,1094945,82,0.527,0.424
"edison","2020-11-04T04:46:05Z",2020,11,4,4,46,5,1604493965,1101203,83,0.528,0.422
"edison","2020-11-04T04:47:13Z",2020,11,4,4,47,13,1604494033,1102677,83,0.529,0.422
"edison","2020-11-04T04:54:18Z",2020,11,4,4,54,18,1604494458,1104879,83,0.529,0.422
"edison","2020-11-04T04:56:55Z",2020,11,4,4,56,55,1604494615,1106133,83,0.53,0.421
"edison","2020-11-04T04:57:16Z",2020,11,4,4,57,16,1604494636,1107435,83,0.53,0.421
"edison","2020-11-04T04:58:32Z",2020,11,4,4,58,32,1604494712,1108408,83,0.53,0.421
"edison","2020-11-04T05:02:47Z",2020,11,4,5,2,47,1604494967,1113642,84,0.531,0.419
"edison","2020-11-04T05:04:31Z",2020,11,4,5,4,31,1604495071,1117730,84,0.532,0.419
"edison","2020-11-04T05:05:46Z",2020,11,4,5,5,46,1604495146,1118711,84,0.532,0.418
"edison","2020-11-04T05:10:07Z",2020,11,4,5,10,7,1604495407,1119560,84,0.532,0.418
"edison","2020-11-04T05:11:39Z",2020,11,4,5,11,39,1604495499,1120976,84,0.533,0.418
"edison","2020-11-04T05:14:22Z",2020,11,4,5,14,22,1604495662,1129642,85,0.533,0.417
"edison","2020-11-04T05:14:47Z",2020,11,4,5,14,47,1604495687,1130471,85,0.534,0.417
"edison","2020-11-04T05:16:18Z",2020,11,4,5,16,18,1604495778,1138880,86,0.535,0.416
"edison","2020-11-04T05:19:32Z",2020,11,4,5,19,32,1604495972,1139525,86,0.535,0.416
"edison","2020-11-04T05:24:56Z",2020,11,4,5,24,56,1604496296,1139694,86,0.535,0.416
"edison","2020-11-04T05:25:34Z",2020,11,4,5,25,34,1604496334,1140576,86,0.535,0.415
"edison","2020-11-04T05:27:07Z",2020,11,4,5,27,7,1604496427,1140970,86,0.536,0.415
"edison","2020-11-04T05:29:38Z",2020,11,4,5,29,38,1604496578,1142263,86,0.536,0.415
"edison","2020-11-04T05:33:49Z",2020,11,4,5,33,49,1604496829,1145146,86,0.536,0.414
"edison","2020-11-04T05:47:56Z",2020,11,4,5,47,56,1604497676,1150399,86,0.537,0.413
"edison","2020-11-04T05:48:09Z",2020,11,4,5,48,9,1604497689,1151820,87,0.538,0.413
"edison","2020-11-04T05:50:01Z",2020,11,4,5,50,1,1604497801,1154235,87,0.538,0.413
"edison","2020-11-04T05:51:06Z",2020,11,4,5,51,6,1604497866,1156366,87,0.538,0.412
"edison","2020-11-04T05:58:01Z",2020,11,4,5,58,1,1604498281,1156979,87,0.539,0.412
"edison","2020-11-04T06:00:29Z",2020,11,4,6,0,29,1604498429,1158423,87,0.539,0.412
"edison","2020-11-04T06:13:20Z",2020,11,4,6,13,20,1604499200,1164903,88,0.54,0.411
"edison","2020-11-04T06:14:36Z",2020,11,4,6,14,36,1604499276,1166619,88,0.54,0.411
"edison","2020-11-04T06:16:31Z",2020,11,4,6,16,31,1604499391,1166713,88,0.54,0.411
"edison","2020-11-04T06:20:33Z",2020,11,4,6,20,33,1604499633,1166755,88,0.54,0.411
"edison","2020-11-04T06:21:20Z",2020,11,4,6,21,20,1604499680,1167105,88,0.54,0.411
"edison","2020-11-04T06:22:19Z",2020,11,4,6,22,19,1604499739,1168749,88,0.54,0.41
"edison","2020-11-04T06:23:09Z",2020,11,4,6,23,9,1604499789,1170194,88,0.541,0.41
"edison","2020-11-04T06:24:18Z",2020,11,4,6,24,18,1604499858,1173903,88,0.541,0.41
"edison","2020-11-04T06:31:39Z",2020,11,4,6,31,39,1604500299,1178890,89,0.541,0.41
"edison","2020-11-04T06:37:30Z",2020,11,4,6,37,30,1604500650,1180279,89,0.541,0.409
"edison","2020-11-04T06:49:10Z",2020,11,4,6,49,10,1604501350,1182119,89,0.542,0.409
"edison","2020-11-04T06:51:50Z",2020,11,4,6,51,50,1604501510,1184899,89,0.541,0.409
"edison","2020-11-04T07:12:38Z",2020,11,4,7,12,38,1604502758,1186324,89,0.541,0.409
"edison","2020-11-04T07:35:49Z",2020,11,4,7,35,49,1604504149,1242284,93,0.53,0.421
"edison","2020-11-04T07:55:33Z",2020,11,4,7,55,33,1604505333,1253477,94,0.53,0.421
"edison","2020-11-04T08:32:13Z",2020,11,4,8,32,13,1604507533,1254454,94,0.53,0.42
"edison","2020-11-04T18:12:18Z",2020,11,4,18,12,18,1604542338,1256537,94,0.531,0.42
"edison","2020-11-04T18:21:22Z",2020,11,4,18,21,22,1604542882,1257891,95,0.531,0.42
"edison","2020-11-04T18:38:32Z",2020,11,4,18,38,32,1604543912,1258011,95,0.531,0.42
"edison","2020-11-04T18:40:30Z",2020,11,4,18,40,30,1604544030,1258012,95,0.531,0.42
"edison","2020-11-04T19:32:20Z",2020,11,4,19,32,20,1604547140,1258028,95,0.531,0.42
"edison","2020-11-04T19:35:26Z",2020,11,4,19,35,26,1604547326,1258132,95,0.531,0.42
"edison","2020-11-04T20:06:01Z",2020,11,4,20,6,1,1604549161,1294249,97,0.537,0.414
"edison","2020-11-04T20:06:13Z",2020,11,4,20,6,13,1604549173,1301818,98,0.539,0.412
"edison","2020-11-04T20:08:38Z",2020,11,4,20,8,38,1604549318,1301839,98,0.539,0.412
"edison","2020-11-04T20:12:23Z",2020,11,4,20,12,23,1604549543,1301848,98,0.539,0.412
"edison","2020-11-04T20:16:27Z",2020,11,4,20,16,27,1604549787,1301849,98,0.539,0.412
"edison","2020-11-04T20:20:37Z",2020,11,4,20,20,37,1604550037,1301855,98,0.539,0.412
"edison","2020-11-04T20:39:22Z",2020,11,4,20,39,22,1604551162,1301890,98,0.539,0.412
"edison","2020-11-04T20:41:29Z",2020,11,4,20,41,29,1604551289,1301899,98,0.539,0.412
"edison","2020-11-04T20:44:27Z",2020,11,4,20,44,27,1604551467,1301906,98,0.539,0.412
"edison","2020-11-04T20:46:31Z",2020,11,4,20,46,31,1604551591,1301916,98,0.539,0.412
"edison","2020-11-04T21:06:26Z",2020,11,4,21,6,26,1604552786,1301936,98,0.539,0.412
"edison","2020-11-04T21:09:19Z",2020,11,4,21,9,19,1604552959,1301946,98,0.539,0.412
"edison","2020-11-04T21:16:20Z",2020,11,4,21,16,20,1604553380,1302021,98,0.539,0.412
"edison","2020-11-04T21:37:35Z",2020,11,4,21,37,35,1604554655,1302033,98,0.539,0.412
"edison","2020-11-04T21:39:30Z",2020,11,4,21,39,30,1604554770,1302038,98,0.539,0.412
"edison","2020-11-04T21:48:31Z",2020,11,4,21,48,31,1604555311,1302042,98,0.539,0.412
"edison","2020-11-04T21:52:25Z",2020,11,4,21,52,25,1604555545,1302048,98,0.539,0.412
"edison","2020-11-04T21:54:25Z",2020,11,4,21,54,25,1604555665,1302365,98,0.539,0.412
"edison","2020-11-04T21:58:17Z",2020,11,4,21,58,17,1604555897,1302397,98,0.539,0.412
"edison","2020-11-04T22:02:22Z",2020,11,4,22,2,22,1604556142,1302719,98,0.539,0.412
"edison","2020-11-04T22:08:23Z",2020,11,4,22,8,23,1604556503,1302721,98,0.539,0.412
"edison","2020-11-04T22:09:38Z",2020,11,4,22,9,38,1604556578,1302728,98,0.539,0.412
"edison","2020-11-04T22:11:17Z",2020,11,4,22,11,17,1604556677,1302808,98,0.539,0.412
"edison","2020-11-04T22:16:22Z",2020,11,4,22,16,22,1604556982,1302809,98,0.539,0.412
"edison","2020-11-04T22:24:23Z",2020,11,4,22,24,23,1604557463,1302814,98,0.539,0.412
"edison","2020-11-04T22:33:26Z",2020,11,4,22,33,26,1604558006,1302816,98,0.539,0.412
"edison","2020-11-04T22:46:28Z",2020,11,4,22,46,28,1604558788,1302827,98,0.539,0.412
"edison","2020-11-04T22:52:16Z",2020,11,4,22,52,16,1604559136,1302915,98,0.539,0.412
"edison","2020-11-04T23:01:28Z",2020,11,4,23,1,28,1604559688,1307705,98,0.538,0.413
"edison","2020-11-04T23:05:25Z",2020,11,4,23,5,25,1604559925,1307707,98,0.538,0.413
"edison","2020-11-04T23:07:21Z",2020,11,4,23,7,21,1604560041,1308266,98,0.538,0.413
"edison","2020-11-04T23:10:21Z",2020,11,4,23,10,21,1604560221,1308445,98,0.538,0.413
"edison","2020-11-04T23:15:20Z",2020,11,4,23,15,20,1604560520,1308472,98,0.538,0.413
"edison","2020-11-04T23:21:31Z",2020,11,4,23,21,31,1604560891,1309080,98,0.538,0.413
"edison","2020-11-04T23:22:35Z",2020,11,4,23,22,35,1604560955,1309088,98,0.538,0.413
"edison","2020-11-04T23:27:24Z",2020,11,4,23,27,24,1604561244,1309089,98,0.538,0.413
"edison","2020-11-04T23:29:19Z",2020,11,4,23,29,19,1604561359,1312075,99,0.538,0.413
"edison","2020-11-04T23:31:17Z",2020,11,4,23,31,17,1604561477,1312153,99,0.538,0.413
"edison","2020-11-04T23:32:17Z",2020,11,4,23,32,17,1604561537,1312389,99,0.538,0.413
"edison","2020-11-04T23:36:23Z",2020,11,4,23,36,23,1604561783,1312399,99,0.538,0.413
"edison","2020-11-04T23:41:22Z",2020,11,4,23,41,22,1604562082,1312411,99,0.538,0.413
"edison","2020-11-04T23:44:24Z",2020,11,4,23,44,24,1604562264,1313365,99,0.537,0.413
"edison","2020-11-04T23:46:27Z",2020,11,4,23,46,27,1604562387,1313374,99,0.537,0.413
"edison","2020-11-04T23:49:25Z",2020,11,4,23,49,25,1604562565,1313455,99,0.537,0.413
"edison","2020-11-04T23:50:24Z",2020,11,4,23,50,24,1604562624,1313572,99,0.537,0.414
"edison","2020-11-04T23:51:30Z",2020,11,4,23,51,30,1604562690,1313665,99,0.537,0.413
"edison","2020-11-04T23:53:17Z",2020,11,4,23,53,17,1604562797,1313701,99,0.537,0.413
"edison","2020-11-04T23:55:18Z",2020,11,4,23,55,18,1604562918,1313720,99,0.537,0.413
"edison","2020-11-04T23:58:28Z",2020,11,4,23,58,28,1604563108,1313735,99,0.537,0.413
"edison","2020-11-05T00:00:17Z",2020,11,5,0,0,17,1604563217,1314048,99,0.537,0.413
"edison","2020-11-05T00:02:24Z",2020,11,5,0,2,24,1604563344,1314230,99,0.537,0.413
"edison","2020-11-05T00:05:24Z",2020,11,5,0,5,24,1604563524,1314248,99,0.537,0.413
"edison","2020-11-05T00:06:27Z",2020,11,5,0,6,27,1604563587,1314251,99,0.537,0.413
"edison","2020-11-05T00:07:24Z",2020,11,5,0,7,24,1604563644,1314432,99,0.537,0.413
"edison","2020-11-05T00:10:22Z",2020,11,5,0,10,22,1604563822,1314521,99,0.537,0.413
"edison","2020-11-05T00:11:21Z",2020,11,5,0,11,21,1604563881,1314807,99,0.537,0.413
"edison","2020-11-05T00:14:26Z",2020,11,5,0,14,26,1604564066,1314840,99,0.537,0.413
"edison","2020-11-05T19:14:35Z",2020,11,5,19,14,35,1604632475,1315008,99,0.537,0.413
"edison","2020-11-05T19:44:11Z",2020,11,5,19,44,11,1604634251,1315012,99,0.537,0.413
"edison","2020-11-05T20:37:10Z",2020,11,5,20,37,10,1604637430,1315020,99,0.537,0.413
"edison","2020-11-05T20:39:09Z",2020,11,5,20,39,9,1604637549,1315023,99,0.537,0.413
"edison","2020-11-05T20:48:12Z",2020,11,5,20,48,12,1604638092,1315025,99,0.537,0.413
"edison","2020-11-05T20:58:11Z",2020,11,5,20,58,11,1604638691,1315028,99,0.537,0.413
"edison","2020-11-05T20:59:11Z",2020,11,5,20,59,11,1604638751,1315029,99,0.537,0.413
"edison","2020-11-05T21:01:16Z",2020,11,5,21,1,16,1604638876,1315030,99,0.537,0.413
"edison","2020-11-05T21:07:10Z",2020,11,5,21,7,10,1604639230,1315032,99,0.537,0.413
"edison","2020-11-05T21:11:26Z",2020,11,5,21,11,26,1604639486,1315034,99,0.537,0.413
"edison","2020-11-05T21:15:10Z",2020,11,5,21,15,10,1604639710,1315038,99,0.537,0.413
"edison","2020-11-05T21:19:10Z",2020,11,5,21,19,10,1604639950,1315041,99,0.537,0.413
"edison","2020-11-05T21:25:06Z",2020,11,5,21,25,6,1604640306,1315042,99,0.537,0.413
"edison","2020-11-05T21:28:12Z",2020,11,5,21,28,12,1604640492,1315051,99,0.537,0.413
"edison","2020-11-05T21:30:09Z",2020,11,5,21,30,9,1604640609,1315063,99,0.537,0.413
"edison","2020-11-05T21:32:18Z",2020,11,5,21,32,18,1604640738,1315113,99,0.537,0.413
"edison","2020-11-05T21:39:11Z",2020,11,5,21,39,11,1604641151,1315118,99,0.537,0.413
"edison","2020-11-05T21:40:14Z",2020,11,5,21,40,14,1604641214,1315124,99,0.537,0.413
"edison","2020-11-05T21:53:15Z",2020,11,5,21,53,15,1604641995,1315166,99,0.537,0.413
"edison","2020-11-05T21:54:09Z",2020,11,5,21,54,9,1604642049,1315174,99,0.537,0.413
"edison","2020-11-05T22:02:13Z",2020,11,5,22,2,13,1604642533,1315750,99,0.537,0.414
"edison","2020-11-05T22:03:12Z",2020,11,5,22,3,12,1604642592,1316006,99,0.537,0.413
"edison","2020-11-05T22:06:23Z",2020,11,5,22,6,23,1604642783,1316009,99,0.537,0.413
"edison","2020-11-05T22:09:14Z",2020,11,5,22,9,14,1604642954,1316013,99,0.537,0.413
"edison","2020-11-05T22:15:18Z",2020,11,5,22,15,18,1604643318,1316014,99,0.537,0.413
"edison","2020-11-05T22:17:20Z",2020,11,5,22,17,20,1604643440,1316018,99,0.537,0.413
"edison","2020-11-05T22:20:20Z",2020,11,5,22,20,20,1604643620,1316024,99,0.537,0.413
"edison","2020-11-05T22:23:11Z",2020,11,5,22,23,11,1604643791,1316025,99,0.537,0.413
"edison","2020-11-05T22:24:10Z",2020,11,5,22,24,10,1604643850,1316744,99,0.537,0.414
"edison","2020-11-05T22:27:07Z",2020,11,5,22,27,7,1604644027,1316747,99,0.537,0.414
"edison","2020-11-05T22:31:23Z",2020,11,5,22,31,23,1604644283,1316751,99,0.537,0.414
"edison","2020-11-05T22:34:22Z",2020,11,5,22,34,22,1604644462,1316784,99,0.537,0.414
"edison","2020-11-05T22:40:08Z",2020,11,5,22,40,8,1604644808,1316786,99,0.537,0.414
"edison","2020-11-05T22:49:11Z",2020,11,5,22,49,11,1604645351,1316787,99,0.537,0.414
"edison","2020-11-05T22:50:17Z",2020,11,5,22,50,17,1604645417,1316791,99,0.537,0.414
"edison","2020-11-05T22:54:15Z",2020,11,5,22,54,15,1604645655,1317009,99,0.537,0.413
"edison","2020-11-05T23:00:12Z",2020,11,5,23,0,12,1604646012,1317017,99,0.537,0.413
"edison","2020-11-05T23:01:10Z",2020,11,5,23,1,10,1604646070,1317110,99,0.537,0.414
"edison","2020-11-05T23:03:13Z",2020,11,5,23,3,13,1604646193,1317121,99,0.537,0.414
"edison","2020-11-05T23:06:19Z",2020,11,5,23,6,19,1604646379,1317126,99,0.537,0.414
"edison","2020-11-05T23:09:08Z",2020,11,5,23,9,8,1604646548,1318133,99,0.537,0.414
"edison","2020-11-05T23:12:11Z",2020,11,5,23,12,11,1604646731,1318137,99,0.537,0.414
"edison","2020-11-05T23:16:08Z",2020,11,5,23,16,8,1604646968,1318139,99,0.537,0.414
"edison","2020-11-05T23:18:14Z",2020,11,5,23,18,14,1604647094,1327000,99,0.536,0.414
"edison","2020-11-05T23:22:12Z",2020,11,5,23,22,12,1604647332,1327001,99,0.536,0.414
"edison","2020-11-05T23:36:16Z",2020,11,5,23,36,16,1604648176,1327003,99,0.536,0.414
"edison","2020-11-05T23:37:26Z",2020,11,5,23,37,26,1604648246,1327011,99,0.536,0.414
"edison","2020-11-05T23:43:12Z",2020,11,5,23,43,12,1604648592,1327020,99,0.536,0.414
"edison","2020-11-05T23:47:08Z",2020,11,5,23,47,8,1604648828,1327383,99,0.536,0.414
"edison","2020-11-05T23:51:10Z",2020,11,5,23,51,10,1604649070,1327411,99,0.536,0.414
"edison","2020-11-06T17:37:14Z",2020,11,6,17,37,14,1604713034,1327414,99,0.536,0.414
"edison","2020-11-06T17:41:10Z",2020,11,6,17,41,10,1604713270,1327428,99,0.536,0.414
"edison","2020-11-06T17:42:18Z",2020,11,6,17,42,18,1604713338,1327429,99,0.536,0.414
"edison","2020-11-06T17:48:24Z",2020,11,6,17,48,24,1604713704,1327431,99,0.536,0.414
"edison","2020-11-06T17:52:08Z",2020,11,6,17,52,8,1604713928,1327437,99,0.536,0.414
"edison","2020-11-06T17:57:11Z",2020,11,6,17,57,11,1604714231,1327439,99,0.536,0.414
"edison","2020-11-06T19:15:22Z",2020,11,6,19,15,22,1604718922,1327466,99,0.536,0.414
"edison","2020-11-06T19:55:11Z",2020,11,6,19,55,11,1604721311,1327468,99,0.536,0.414
"edison","2020-11-06T20:04:37Z",2020,11,6,20,4,37,1604721877,1327469,99,0.536,0.414
"edison","2020-11-06T20:06:15Z",2020,11,6,20,6,15,1604721975,1327470,99,0.536,0.414
"edison","2020-11-06T20:08:14Z",2020,11,6,20,8,14,1604722094,1327471,99,0.536,0.414
"edison","2020-11-06T20:42:09Z",2020,11,6,20,42,9,1604724129,1327499,99,0.536,0.414
"edison","2020-11-06T20:46:22Z",2020,11,6,20,46,22,1604724382,1327526,99,0.536,0.414
"edison","2020-11-06T20:51:06Z",2020,11,6,20,51,6,1604724666,1327528,99,0.536,0.414
"edison","2020-11-06T20:55:12Z",2020,11,6,20,55,12,1604724912,1327909,99,0.536,0.414
"edison","2020-11-06T20:56:30Z",2020,11,6,20,56,30,1604724990,1327925,99,0.536,0.414
"edison","2020-11-06T21:14:15Z",2020,11,6,21,14,15,1604726055,1327928,99,0.536,0.414
"edison","2020-11-06T21:16:27Z",2020,11,6,21,16,27,1604726187,1327930,99,0.536,0.414
"edison","2020-11-06T21:20:11Z",2020,11,6,21,20,11,1604726411,1327950,99,0.536,0.414
"edison","2020-11-06T21:31:13Z",2020,11,6,21,31,13,1604727073,1327955,99,0.536,0.414
"edison","2020-11-06T21:34:25Z",2020,11,6,21,34,25,1604727265,1327956,99,0.536,0.414
"edison","2020-11-06T22:23:24Z",2020,11,6,22,23,24,1604730204,1327960,99,0.536,0.414
"edison","2020-11-06T22:32:06Z",2020,11,6,22,32,6,1604730726,1328077,99,0.536,0.414
"edison","2020-11-06T22:40:17Z",2020,11,6,22,40,17,1604731217,1328078,99,0.536,0.414
"edison","2020-11-06T22:42:09Z",2020,11,6,22,42,9,1604731329,1328079,99,0.536,0.414
"edison","2020-11-06T22:47:24Z",2020,11,6,22,47,24,1604731644,1328095,99,0.536,0.414
"edison","2020-11-06T22:48:16Z",2020,11,6,22,48,16,1604731696,1328096,99,0.536,0.414
"edison","2020-11-06T22:49:12Z",2020,11,6,22,49,12,1604731752,1328105,99,0.536,0.414
"edison","2020-11-06T22:59:20Z",2020,11,6,22,59,20,1604732360,1328107,99,0.536,0.414
"edison","2020-11-06T23:02:09Z",2020,11,6,23,2,9,1604732529,1328118,99,0.536,0.414
"edison","2020-11-06T23:03:09Z",2020,11,6,23,3,9,1604732589,1328120,99,0.536,0.414
"edison","2020-11-06T23:06:18Z",2020,11,6,23,6,18,1604732778,1328165,99,0.536,0.414
"edison","2020-11-06T23:08:15Z",2020,11,6,23,8,15,1604732895,1328324,99,0.536,0.414
"edison","2020-11-06T23:09:07Z",2020,11,6,23,9,7,1604732947,1328362,99,0.536,0.414
"edison","2020-11-06T23:11:12Z",2020,11,6,23,11,12,1604733072,1328382,99,0.536,0.414
"edison","2020-11-06T23:18:04Z",2020,11,6,23,18,4,1604733484,1328383,99,0.536,0.414
"edison","2020-11-06T23:20:20Z",2020,11,6,23,20,20,1604733620,1328466,99,0.536,0.414
"edison","2020-11-06T23:21:08Z",2020,11,6,23,21,8,1604733668,1328468,99,0.536,0.414
"edison","2020-11-06T23:26:08Z",2020,11,6,23,26,8,1604733968,1328480,99,0.536,0.414
"edison","2020-11-06T23:28:19Z",2020,11,6,23,28,19,1604734099,1328481,99,0.536,0.414
"edison","2020-11-06T23:32:09Z",2020,11,6,23,32,9,1604734329,1328534,99,0.536,0.414
"edison","2020-11-06T23:36:07Z",2020,11,6,23,36,7,1604734567,1328635,99,0.536,0.414
"edison","2020-11-06T23:41:17Z",2020,11,6,23,41,17,1604734877,1333754,99,0.536,0.415
"edison","2020-11-10T17:03:00Z",2020,11,10,17,3,0,1605056580,1332125,99,0.535,0.415
"edison","2020-11-10T17:04:38Z",2020,11,10,17,4,38,1605056678,1330492,99,0.535,0.416
"edison","2020-11-10T17:48:28Z",2020,11,10,17,48,28,1605059308,1329966,99,0.535,0.416
"edison","2020-11-10T18:35:40Z",2020,11,10,18,35,40,1605062140,1330492,99,0.535,0.416
"edison","2020-11-11T17:18:16Z",2020,11,11,17,18,16,1605143896,1330054,99,0.535,0.416
"ap","2020-11-19T19:12:55.663Z",NA,NA,NA,NA,NA,NA,NA,1329556,99,0.535,0.416
"edison","2020-11-20T14:18:41Z",2020,11,20,14,18,41,1605910721,1330054,100,0.535,0.416
"edison","2020-12-04T16:54:51Z",2020,12,4,16,54,51,1607129691,1340883,100,0.534,0.417
"edison","2020-12-04T16:58:33Z",2020,12,4,16,58,33,1607129913,1342454,100,0.533,0.417
"edison","2020-12-04T17:07:22Z",2020,12,4,17,7,22,1607130442,1342966,100,0.533,0.417
"edison","2020-12-04T17:32:02Z",2020,12,4,17,32,2,1607131922,1367755,100,0.532,0.418
