"eevp_source","timestamp","year","mon","mday","hour","min","sec","sec_offset","votes","eevp","vote_shares_warnockr","vote_shares_loefflerk","vote_shares_collinsd"
"edison","2020-11-04T09:34:03Z",2020,11,4,9,34,3,1604511243,0,0,0,0,0
"edison","2020-11-04T00:15:04Z",2020,11,4,0,15,4,1604477704,296,0,0.199,0.52,0.247
"edison","2020-11-04T00:15:45Z",2020,11,4,0,15,45,1604477745,125178,2,0.46,0.228,0.145
"edison","2020-11-04T00:19:56Z",2020,11,4,0,19,56,1604477996,170421,3,0.391,0.245,0.175
"edison","2020-11-04T00:23:16Z",2020,11,4,0,23,16,1604478196,170624,3,0.391,0.245,0.175
"edison","2020-11-04T00:23:54Z",2020,11,4,0,23,54,1604478234,170929,3,0.39,0.246,0.175
"edison","2020-11-04T00:24:14Z",2020,11,4,0,24,14,1604478254,171481,3,0.39,0.246,0.176
"edison","2020-11-04T00:25:20Z",2020,11,4,0,25,20,1604478320,171835,3,0.389,0.247,0.176
"edison","2020-11-04T00:25:40Z",2020,11,4,0,25,40,1604478340,172229,3,0.389,0.247,0.176
"edison","2020-11-04T00:25:55Z",2020,11,4,0,25,55,1604478355,196010,4,0.387,0.247,0.18
"edison","2020-11-04T00:28:39Z",2020,11,4,0,28,39,1604478519,208615,4,0.374,0.254,0.185
"edison","2020-11-04T00:29:54Z",2020,11,4,0,29,54,1604478594,210598,4,0.372,0.255,0.186
"edison","2020-11-04T00:30:54Z",2020,11,4,0,30,54,1604478654,211238,4,0.372,0.255,0.186
"edison","2020-11-04T00:31:55Z",2020,11,4,0,31,55,1604478715,212193,4,0.373,0.255,0.186
"edison","2020-11-04T00:32:41Z",2020,11,4,0,32,41,1604478761,212499,4,0.373,0.255,0.186
"edison","2020-11-04T00:32:53Z",2020,11,4,0,32,53,1604478773,215953,4,0.369,0.258,0.188
"edison","2020-11-04T00:36:53Z",2020,11,4,0,36,53,1604479013,233222,4,0.356,0.266,0.195
"edison","2020-11-04T00:38:52Z",2020,11,4,0,38,52,1604479132,233519,4,0.356,0.266,0.195
"edison","2020-11-04T00:39:56Z",2020,11,4,0,39,56,1604479196,240011,5,0.349,0.269,0.199
"edison","2020-11-04T00:40:53Z",2020,11,4,0,40,53,1604479253,251599,5,0.338,0.271,0.207
"edison","2020-11-04T00:43:54Z",2020,11,4,0,43,54,1604479434,255423,5,0.336,0.272,0.207
"edison","2020-11-04T00:45:53Z",2020,11,4,0,45,53,1604479553,264896,5,0.328,0.279,0.211
"edison","2020-11-04T00:45:59Z",2020,11,4,0,45,59,1604479559,273597,5,0.323,0.281,0.216
"edison","2020-11-04T00:47:53Z",2020,11,4,0,47,53,1604479673,273654,5,0.323,0.281,0.216
"edison","2020-11-04T00:48:58Z",2020,11,4,0,48,58,1604479738,307787,6,0.331,0.273,0.214
"edison","2020-11-04T00:49:56Z",2020,11,4,0,49,56,1604479796,335888,6,0.331,0.269,0.214
"edison","2020-11-04T00:50:56Z",2020,11,4,0,50,56,1604479856,336014,6,0.331,0.269,0.214
"edison","2020-11-04T00:51:53Z",2020,11,4,0,51,53,1604479913,343584,6,0.328,0.271,0.214
"edison","2020-11-04T00:53:56Z",2020,11,4,0,53,56,1604480036,381591,7,0.313,0.276,0.22
"edison","2020-11-04T00:54:55Z",2020,11,4,0,54,55,1604480095,384494,7,0.312,0.276,0.22
"edison","2020-11-04T00:55:52Z",2020,11,4,0,55,52,1604480152,408186,8,0.307,0.283,0.222
"edison","2020-11-04T00:56:52Z",2020,11,4,0,56,52,1604480212,408690,8,0.307,0.283,0.222
"edison","2020-11-04T00:58:05Z",2020,11,4,0,58,5,1604480285,419599,8,0.305,0.286,0.224
"edison","2020-11-04T00:58:52Z",2020,11,4,0,58,52,1604480332,425018,8,0.302,0.288,0.225
"edison","2020-11-04T00:59:54Z",2020,11,4,0,59,54,1604480394,432465,8,0.301,0.29,0.226
"edison","2020-11-04T01:03:53Z",2020,11,4,1,3,53,1604480633,432602,8,0.301,0.29,0.226
"edison","2020-11-04T01:04:55Z",2020,11,4,1,4,55,1604480695,441353,8,0.298,0.291,0.228
"edison","2020-11-04T01:05:56Z",2020,11,4,1,5,56,1604480756,455774,9,0.292,0.29,0.236
"edison","2020-11-04T01:07:02Z",2020,11,4,1,7,2,1604480822,560941,11,0.325,0.268,0.222
"edison","2020-11-04T01:10:54Z",2020,11,4,1,10,54,1604481054,571871,11,0.322,0.269,0.225
"edison","2020-11-04T01:11:56Z",2020,11,4,1,11,56,1604481116,639597,12,0.33,0.264,0.22
"edison","2020-11-04T01:12:54Z",2020,11,4,1,12,54,1604481174,648992,12,0.326,0.266,0.222
"edison","2020-11-04T01:13:56Z",2020,11,4,1,13,56,1604481236,761053,14,0.309,0.284,0.226
"edison","2020-11-04T01:14:54Z",2020,11,4,1,14,54,1604481294,761513,14,0.309,0.285,0.226
"edison","2020-11-04T01:15:55Z",2020,11,4,1,15,55,1604481355,762883,14,0.308,0.285,0.226
"edison","2020-11-04T01:17:02Z",2020,11,4,1,17,2,1604481422,799685,15,0.304,0.283,0.233
"edison","2020-11-04T01:17:56Z",2020,11,4,1,17,56,1604481476,830001,16,0.298,0.29,0.234
"edison","2020-11-04T01:18:55Z",2020,11,4,1,18,55,1604481535,831318,16,0.298,0.29,0.234
"edison","2020-11-04T01:19:54Z",2020,11,4,1,19,54,1604481594,838399,16,0.298,0.289,0.234
"edison","2020-11-04T01:20:54Z",2020,11,4,1,20,54,1604481654,852179,16,0.295,0.29,0.237
"edison","2020-11-04T01:21:57Z",2020,11,4,1,21,57,1604481717,870709,16,0.292,0.292,0.238
"edison","2020-11-04T01:23:01Z",2020,11,4,1,23,1,1604481781,883877,17,0.293,0.291,0.236
"edison","2020-11-04T01:23:56Z",2020,11,4,1,23,56,1604481836,902707,17,0.288,0.294,0.237
"edison","2020-11-04T01:24:58Z",2020,11,4,1,24,58,1604481898,915958,17,0.287,0.294,0.24
"edison","2020-11-04T01:25:53Z",2020,11,4,1,25,53,1604481953,916704,17,0.287,0.294,0.24
"edison","2020-11-04T01:26:57Z",2020,11,4,1,26,57,1604482017,928517,18,0.286,0.295,0.241
"edison","2020-11-04T01:28:01Z",2020,11,4,1,28,1,1604482081,930244,18,0.286,0.295,0.241
"edison","2020-11-04T01:29:03Z",2020,11,4,1,29,3,1604482143,941742,18,0.285,0.296,0.241
"edison","2020-11-04T01:29:55Z",2020,11,4,1,29,55,1604482195,1054387,20,0.288,0.294,0.236
"edison","2020-11-04T01:30:57Z",2020,11,4,1,30,57,1604482257,1138091,21,0.29,0.292,0.237
"edison","2020-11-04T01:31:56Z",2020,11,4,1,31,56,1604482316,1138606,21,0.29,0.292,0.237
"edison","2020-11-04T01:32:53Z",2020,11,4,1,32,53,1604482373,1176117,22,0.293,0.29,0.234
"edison","2020-11-04T01:33:55Z",2020,11,4,1,33,55,1604482435,1184287,22,0.293,0.291,0.235
"edison","2020-11-04T01:34:53Z",2020,11,4,1,34,53,1604482493,1185442,22,0.293,0.291,0.235
"edison","2020-11-04T01:35:55Z",2020,11,4,1,35,55,1604482555,1202004,23,0.29,0.292,0.237
"edison","2020-11-04T01:36:54Z",2020,11,4,1,36,54,1604482614,1202924,23,0.29,0.292,0.237
"edison","2020-11-04T01:37:57Z",2020,11,4,1,37,57,1604482677,1206334,23,0.29,0.291,0.237
"edison","2020-11-04T01:39:55Z",2020,11,4,1,39,55,1604482795,1216148,23,0.289,0.292,0.237
"edison","2020-11-04T01:40:53Z",2020,11,4,1,40,53,1604482853,1229216,23,0.287,0.292,0.241
"edison","2020-11-04T01:42:00Z",2020,11,4,1,42,0,1604482920,1243243,23,0.285,0.292,0.241
"edison","2020-11-04T01:42:56Z",2020,11,4,1,42,56,1604482976,1296580,24,0.291,0.288,0.238
"edison","2020-11-04T01:43:37Z",2020,11,4,1,43,37,1604483017,1296586,24,0.291,0.288,0.238
"edison","2020-11-04T01:43:55Z",2020,11,4,1,43,55,1604483035,1301102,25,0.291,0.289,0.238
"edison","2020-11-04T01:46:56Z",2020,11,4,1,46,56,1604483216,1342919,25,0.294,0.286,0.236
"edison","2020-11-04T01:47:56Z",2020,11,4,1,47,56,1604483276,1368660,26,0.292,0.288,0.237
"edison","2020-11-04T01:49:55Z",2020,11,4,1,49,55,1604483395,1386733,26,0.291,0.288,0.237
"edison","2020-11-04T01:51:02Z",2020,11,4,1,51,2,1604483462,1449366,27,0.293,0.288,0.236
"edison","2020-11-04T01:51:59Z",2020,11,4,1,51,59,1604483519,1472890,28,0.292,0.289,0.236
"edison","2020-11-04T01:52:58Z",2020,11,4,1,52,58,1604483578,1482204,28,0.292,0.289,0.236
"edison","2020-11-04T01:53:55Z",2020,11,4,1,53,55,1604483635,1536491,29,0.286,0.288,0.245
"edison","2020-11-04T01:54:55Z",2020,11,4,1,54,55,1604483695,1552710,29,0.284,0.29,0.245
"edison","2020-11-04T01:55:57Z",2020,11,4,1,55,57,1604483757,1553004,29,0.284,0.29,0.245
"edison","2020-11-04T01:56:55Z",2020,11,4,1,56,55,1604483815,1554347,29,0.284,0.29,0.245
"edison","2020-11-04T01:57:53Z",2020,11,4,1,57,53,1604483873,1555253,29,0.284,0.29,0.245
"edison","2020-11-04T01:58:53Z",2020,11,4,1,58,53,1604483933,1567591,30,0.284,0.29,0.245
"edison","2020-11-04T01:59:04Z",2020,11,4,1,59,4,1604483944,1576322,30,0.283,0.29,0.246
"edison","2020-11-04T01:59:54Z",2020,11,4,1,59,54,1604483994,1583524,30,0.282,0.29,0.246
"edison","2020-11-04T02:00:19Z",2020,11,4,2,0,19,1604484019,1588492,30,0.282,0.291,0.246
"edison","2020-11-04T02:01:02Z",2020,11,4,2,1,2,1604484062,1590323,30,0.282,0.291,0.246
"edison","2020-11-04T02:01:58Z",2020,11,4,2,1,58,1604484118,1594453,30,0.281,0.291,0.247
"edison","2020-11-04T02:02:55Z",2020,11,4,2,2,55,1604484175,1594848,30,0.281,0.291,0.247
"edison","2020-11-04T02:03:57Z",2020,11,4,2,3,57,1604484237,1598259,30,0.281,0.291,0.247
"edison","2020-11-04T02:04:38Z",2020,11,4,2,4,38,1604484278,1600602,30,0.281,0.291,0.247
"edison","2020-11-04T02:04:55Z",2020,11,4,2,4,55,1604484295,1624681,31,0.279,0.292,0.248
"edison","2020-11-04T02:05:02Z",2020,11,4,2,5,2,1604484302,1628726,31,0.278,0.293,0.248
"edison","2020-11-04T02:05:59Z",2020,11,4,2,5,59,1604484359,1650057,31,0.277,0.292,0.247
"edison","2020-11-04T02:06:59Z",2020,11,4,2,6,59,1604484419,1664202,31,0.277,0.293,0.248
"edison","2020-11-04T02:07:55Z",2020,11,4,2,7,55,1604484475,1668992,31,0.276,0.293,0.248
"edison","2020-11-04T02:08:09Z",2020,11,4,2,8,9,1604484489,1669513,32,0.276,0.293,0.248
"edison","2020-11-04T02:08:55Z",2020,11,4,2,8,55,1604484535,1670911,32,0.276,0.293,0.248
"edison","2020-11-04T02:09:20Z",2020,11,4,2,9,20,1604484560,1675539,32,0.276,0.293,0.248
"edison","2020-11-04T02:10:02Z",2020,11,4,2,10,2,1604484602,1675863,32,0.276,0.293,0.248
"edison","2020-11-04T02:10:58Z",2020,11,4,2,10,58,1604484658,1677598,32,0.276,0.293,0.248
"edison","2020-11-04T02:11:55Z",2020,11,4,2,11,55,1604484715,1725729,33,0.274,0.295,0.249
"edison","2020-11-04T02:12:15Z",2020,11,4,2,12,15,1604484735,1725742,33,0.274,0.295,0.249
"edison","2020-11-04T02:13:28Z",2020,11,4,2,13,28,1604484808,1726345,33,0.274,0.295,0.249
"edison","2020-11-04T02:13:56Z",2020,11,4,2,13,56,1604484836,1758111,33,0.274,0.295,0.249
"edison","2020-11-04T02:15:00Z",2020,11,4,2,15,0,1604484900,1844696,35,0.279,0.291,0.244
"edison","2020-11-04T02:15:54Z",2020,11,4,2,15,54,1604484954,1847629,35,0.279,0.291,0.244
"edison","2020-11-04T02:17:03Z",2020,11,4,2,17,3,1604485023,1894067,36,0.283,0.289,0.242
"edison","2020-11-04T02:17:10Z",2020,11,4,2,17,10,1604485030,1894111,36,0.283,0.289,0.242
"edison","2020-11-04T02:17:55Z",2020,11,4,2,17,55,1604485075,1898720,36,0.283,0.289,0.242
"edison","2020-11-04T02:18:58Z",2020,11,4,2,18,58,1604485138,1898732,36,0.283,0.289,0.242
"edison","2020-11-04T02:22:18Z",2020,11,4,2,22,18,1604485338,1899051,36,0.283,0.289,0.242
"edison","2020-11-04T02:22:45Z",2020,11,4,2,22,45,1604485365,1910542,36,0.282,0.289,0.243
"edison","2020-11-04T02:23:11Z",2020,11,4,2,23,11,1604485391,1911322,36,0.282,0.289,0.243
"edison","2020-11-04T02:23:51Z",2020,11,4,2,23,51,1604485431,1991333,38,0.283,0.288,0.242
"edison","2020-11-04T02:23:58Z",2020,11,4,2,23,58,1604485438,1992465,38,0.283,0.288,0.242
"edison","2020-11-04T02:25:38Z",2020,11,4,2,25,38,1604485538,2036632,38,0.284,0.287,0.24
"edison","2020-11-04T02:25:46Z",2020,11,4,2,25,46,1604485546,2037084,38,0.284,0.287,0.24
"edison","2020-11-04T02:28:41Z",2020,11,4,2,28,41,1604485721,2078535,39,0.283,0.288,0.239
"edison","2020-11-04T02:31:42Z",2020,11,4,2,31,42,1604485902,2092633,39,0.282,0.288,0.24
"edison","2020-11-04T02:34:13Z",2020,11,4,2,34,13,1604486053,2124071,40,0.281,0.289,0.24
"edison","2020-11-04T02:35:31Z",2020,11,4,2,35,31,1604486131,2185583,41,0.28,0.291,0.239
"edison","2020-11-04T02:36:12Z",2020,11,4,2,36,12,1604486172,2255590,43,0.284,0.288,0.236
"edison","2020-11-04T02:37:59Z",2020,11,4,2,37,59,1604486279,2260754,43,0.284,0.288,0.236
"edison","2020-11-04T02:38:34Z",2020,11,4,2,38,34,1604486314,2263114,43,0.283,0.288,0.236
"edison","2020-11-04T02:40:17Z",2020,11,4,2,40,17,1604486417,2275163,43,0.283,0.289,0.237
"edison","2020-11-04T02:40:32Z",2020,11,4,2,40,32,1604486432,2294790,43,0.282,0.289,0.236
"edison","2020-11-04T02:42:44Z",2020,11,4,2,42,44,1604486564,2316160,44,0.281,0.29,0.237
"edison","2020-11-04T02:44:45Z",2020,11,4,2,44,45,1604486685,2316162,44,0.281,0.29,0.237
"edison","2020-11-04T02:45:03Z",2020,11,4,2,45,3,1604486703,2320476,44,0.281,0.29,0.237
"edison","2020-11-04T02:46:01Z",2020,11,4,2,46,1,1604486761,2330121,44,0.281,0.29,0.237
"edison","2020-11-04T02:46:59Z",2020,11,4,2,46,59,1604486819,2334133,44,0.28,0.29,0.237
"edison","2020-11-04T02:50:04Z",2020,11,4,2,50,4,1604487004,2345132,44,0.279,0.29,0.238
"edison","2020-11-04T02:50:24Z",2020,11,4,2,50,24,1604487024,2350838,44,0.279,0.291,0.238
"edison","2020-11-04T02:50:43Z",2020,11,4,2,50,43,1604487043,2442780,46,0.283,0.289,0.235
"edison","2020-11-04T02:51:39Z",2020,11,4,2,51,39,1604487099,2444345,46,0.283,0.289,0.236
"edison","2020-11-04T02:54:49Z",2020,11,4,2,54,49,1604487289,2445957,46,0.282,0.289,0.236
"edison","2020-11-04T02:55:06Z",2020,11,4,2,55,6,1604487306,2451219,46,0.282,0.289,0.236
"edison","2020-11-04T02:55:25Z",2020,11,4,2,55,25,1604487325,2453325,46,0.282,0.289,0.236
"edison","2020-11-04T02:55:34Z",2020,11,4,2,55,34,1604487334,2541128,48,0.285,0.288,0.233
"edison","2020-11-04T02:55:54Z",2020,11,4,2,55,54,1604487354,2550474,48,0.284,0.288,0.233
"edison","2020-11-04T02:58:42Z",2020,11,4,2,58,42,1604487522,2562863,48,0.284,0.288,0.233
"edison","2020-11-04T03:00:18Z",2020,11,4,3,0,18,1604487618,2579596,49,0.285,0.287,0.232
"edison","2020-11-04T03:00:48Z",2020,11,4,3,0,48,1604487648,2584944,49,0.285,0.287,0.232
"edison","2020-11-04T03:02:54Z",2020,11,4,3,2,54,1604487774,2590554,49,0.285,0.288,0.233
"edison","2020-11-04T03:05:34Z",2020,11,4,3,5,34,1604487934,2614183,49,0.285,0.287,0.232
"edison","2020-11-04T03:06:35Z",2020,11,4,3,6,35,1604487995,2623915,50,0.285,0.287,0.231
"edison","2020-11-04T03:06:46Z",2020,11,4,3,6,46,1604488006,2629421,50,0.285,0.288,0.231
"edison","2020-11-04T03:08:31Z",2020,11,4,3,8,31,1604488111,2632550,50,0.285,0.287,0.231
"edison","2020-11-04T03:09:54Z",2020,11,4,3,9,54,1604488194,2633629,50,0.285,0.287,0.231
"edison","2020-11-04T03:11:13Z",2020,11,4,3,11,13,1604488273,2633918,50,0.285,0.287,0.231
"edison","2020-11-04T03:12:28Z",2020,11,4,3,12,28,1604488348,2639153,50,0.285,0.287,0.231
"edison","2020-11-04T03:13:26Z",2020,11,4,3,13,26,1604488406,2640013,50,0.285,0.287,0.231
"edison","2020-11-04T03:14:17Z",2020,11,4,3,14,17,1604488457,2643864,50,0.285,0.287,0.231
"edison","2020-11-04T03:16:54Z",2020,11,4,3,16,54,1604488614,2648273,50,0.285,0.288,0.231
"edison","2020-11-04T03:18:00Z",2020,11,4,3,18,0,1604488680,2657145,50,0.285,0.288,0.232
"edison","2020-11-04T03:18:54Z",2020,11,4,3,18,54,1604488734,2660847,50,0.284,0.288,0.232
"edison","2020-11-04T03:19:57Z",2020,11,4,3,19,57,1604488797,2677943,51,0.283,0.288,0.233
"edison","2020-11-04T03:23:35Z",2020,11,4,3,23,35,1604489015,2729936,52,0.283,0.288,0.233
"edison","2020-11-04T03:23:54Z",2020,11,4,3,23,54,1604489034,2815677,53,0.287,0.285,0.23
"edison","2020-11-04T03:27:15Z",2020,11,4,3,27,15,1604489235,2816164,53,0.287,0.285,0.23
"edison","2020-11-04T03:28:17Z",2020,11,4,3,28,17,1604489297,2852005,54,0.289,0.284,0.229
"edison","2020-11-04T03:29:15Z",2020,11,4,3,29,15,1604489355,2852026,54,0.289,0.284,0.229
"edison","2020-11-04T03:30:13Z",2020,11,4,3,30,13,1604489413,2857128,54,0.289,0.284,0.229
"edison","2020-11-04T03:30:38Z",2020,11,4,3,30,38,1604489438,2857135,54,0.289,0.284,0.229
"edison","2020-11-04T03:31:31Z",2020,11,4,3,31,31,1604489491,2862917,54,0.289,0.284,0.229
"edison","2020-11-04T03:31:47Z",2020,11,4,3,31,47,1604489507,2896670,55,0.288,0.285,0.228
"edison","2020-11-04T03:32:03Z",2020,11,4,3,32,3,1604489523,2896675,55,0.288,0.285,0.228
"edison","2020-11-04T03:33:16Z",2020,11,4,3,33,16,1604489596,2896680,55,0.288,0.285,0.228
"edison","2020-11-04T03:34:03Z",2020,11,4,3,34,3,1604489643,2932328,55,0.288,0.285,0.229
"edison","2020-11-04T03:34:11Z",2020,11,4,3,34,11,1604489651,2953581,56,0.287,0.286,0.229
"edison","2020-11-04T03:35:09Z",2020,11,4,3,35,9,1604489709,2953585,56,0.287,0.286,0.229
"edison","2020-11-04T03:36:53Z",2020,11,4,3,36,53,1604489813,2961891,56,0.287,0.286,0.229
"edison","2020-11-04T03:38:52Z",2020,11,4,3,38,52,1604489932,2971430,56,0.286,0.285,0.23
"edison","2020-11-04T03:40:18Z",2020,11,4,3,40,18,1604490018,2978729,56,0.286,0.286,0.23
"edison","2020-11-04T03:42:17Z",2020,11,4,3,42,17,1604490137,2980198,56,0.286,0.286,0.23
"edison","2020-11-04T03:43:52Z",2020,11,4,3,43,52,1604490232,2986651,56,0.286,0.285,0.23
"edison","2020-11-04T03:44:52Z",2020,11,4,3,44,52,1604490292,2986663,56,0.286,0.285,0.23
"edison","2020-11-04T03:46:21Z",2020,11,4,3,46,21,1604490381,3015663,57,0.289,0.284,0.228
"edison","2020-11-04T03:46:44Z",2020,11,4,3,46,44,1604490404,3020870,57,0.288,0.284,0.228
"edison","2020-11-04T03:49:32Z",2020,11,4,3,49,32,1604490572,3034482,57,0.289,0.283,0.228
"edison","2020-11-04T03:50:20Z",2020,11,4,3,50,20,1604490620,3035866,57,0.289,0.283,0.228
"edison","2020-11-04T03:52:35Z",2020,11,4,3,52,35,1604490755,3063816,58,0.288,0.284,0.229
"edison","2020-11-04T03:55:36Z",2020,11,4,3,55,36,1604490936,3116461,59,0.288,0.284,0.228
"edison","2020-11-04T03:55:51Z",2020,11,4,3,55,51,1604490951,3116470,59,0.288,0.284,0.228
"edison","2020-11-04T03:57:52Z",2020,11,4,3,57,52,1604491072,3194549,60,0.299,0.279,0.224
"edison","2020-11-04T03:58:30Z",2020,11,4,3,58,30,1604491110,3194585,60,0.299,0.279,0.224
"edison","2020-11-04T04:00:40Z",2020,11,4,4,0,40,1604491240,3195964,60,0.299,0.279,0.224
"edison","2020-11-04T04:06:51Z",2020,11,4,4,6,51,1604491611,3265209,62,0.296,0.28,0.226
"edison","2020-11-04T04:12:15Z",2020,11,4,4,12,15,1604491935,3265231,62,0.296,0.28,0.226
"edison","2020-11-04T04:13:48Z",2020,11,4,4,13,48,1604492028,3272141,62,0.297,0.28,0.225
"edison","2020-11-04T04:14:14Z",2020,11,4,4,14,14,1604492054,3322885,63,0.297,0.279,0.224
"edison","2020-11-04T04:15:33Z",2020,11,4,4,15,33,1604492133,3344643,63,0.296,0.28,0.224
"edison","2020-11-04T04:16:01Z",2020,11,4,4,16,1,1604492161,3347158,63,0.296,0.28,0.224
"edison","2020-11-04T04:17:29Z",2020,11,4,4,17,29,1604492249,3427544,65,0.297,0.279,0.223
"edison","2020-11-04T04:23:20Z",2020,11,4,4,23,20,1604492600,3428281,65,0.297,0.279,0.223
"edison","2020-11-04T04:25:22Z",2020,11,4,4,25,22,1604492722,3428334,65,0.297,0.279,0.223
"edison","2020-11-04T04:26:17Z",2020,11,4,4,26,17,1604492777,3430195,65,0.297,0.279,0.223
"edison","2020-11-04T04:30:06Z",2020,11,4,4,30,6,1604493006,3461413,65,0.298,0.279,0.222
"edison","2020-11-04T04:31:59Z",2020,11,4,4,31,59,1604493119,3480052,66,0.298,0.278,0.222
"edison","2020-11-04T04:33:58Z",2020,11,4,4,33,58,1604493238,3495992,66,0.298,0.278,0.222
"edison","2020-11-04T04:35:22Z",2020,11,4,4,35,22,1604493322,3496037,66,0.298,0.278,0.222
"edison","2020-11-04T04:35:49Z",2020,11,4,4,35,49,1604493349,3497890,66,0.298,0.278,0.222
"edison","2020-11-04T04:39:19Z",2020,11,4,4,39,19,1604493559,3506742,68,0.298,0.278,0.221
"edison","2020-11-04T04:41:10Z",2020,11,4,4,41,10,1604493670,3691178,72,0.3,0.276,0.218
"edison","2020-11-04T04:42:35Z",2020,11,4,4,42,35,1604493755,3693205,72,0.3,0.276,0.218
"edison","2020-11-04T04:44:20Z",2020,11,4,4,44,20,1604493860,3696461,72,0.3,0.275,0.218
"edison","2020-11-04T04:46:24Z",2020,11,4,4,46,24,1604493984,3710445,72,0.299,0.275,0.219
"edison","2020-11-04T04:47:43Z",2020,11,4,4,47,43,1604494063,3711164,72,0.299,0.275,0.219
"edison","2020-11-04T04:48:28Z",2020,11,4,4,48,28,1604494108,3711445,72,0.299,0.275,0.219
"edison","2020-11-04T04:49:03Z",2020,11,4,4,49,3,1604494143,3713868,72,0.299,0.275,0.219
"edison","2020-11-04T04:51:13Z",2020,11,4,4,51,13,1604494273,3742532,73,0.298,0.276,0.219
"edison","2020-11-04T04:52:05Z",2020,11,4,4,52,5,1604494325,3742534,73,0.298,0.276,0.219
"edison","2020-11-04T04:53:58Z",2020,11,4,4,53,58,1604494438,3826335,75,0.295,0.278,0.22
"edison","2020-11-04T04:55:53Z",2020,11,4,4,55,53,1604494553,3864101,75,0.294,0.279,0.221
"edison","2020-11-04T04:58:40Z",2020,11,4,4,58,40,1604494720,3889581,76,0.293,0.279,0.221
"edison","2020-11-04T05:02:37Z",2020,11,4,5,2,37,1604494957,3917231,76,0.294,0.278,0.219
"edison","2020-11-04T05:05:57Z",2020,11,4,5,5,57,1604495157,3919064,76,0.294,0.278,0.219
"edison","2020-11-04T05:08:33Z",2020,11,4,5,8,33,1604495313,3971863,77,0.298,0.276,0.218
"edison","2020-11-04T05:14:30Z",2020,11,4,5,14,30,1604495670,3994932,78,0.298,0.276,0.217
"edison","2020-11-04T05:19:04Z",2020,11,4,5,19,4,1604495944,4018097,78,0.298,0.276,0.217
"edison","2020-11-04T05:19:48Z",2020,11,4,5,19,48,1604495988,4021121,78,0.298,0.275,0.217
"edison","2020-11-04T05:22:11Z",2020,11,4,5,22,11,1604496131,4033850,79,0.298,0.276,0.217
"edison","2020-11-04T05:22:32Z",2020,11,4,5,22,32,1604496152,4034136,79,0.298,0.276,0.217
"edison","2020-11-04T05:24:34Z",2020,11,4,5,24,34,1604496274,4035212,79,0.298,0.276,0.217
"edison","2020-11-04T05:30:03Z",2020,11,4,5,30,3,1604496603,4036394,79,0.298,0.276,0.217
"edison","2020-11-04T05:30:58Z",2020,11,4,5,30,58,1604496658,4039740,79,0.298,0.276,0.217
"edison","2020-11-04T05:32:38Z",2020,11,4,5,32,38,1604496758,4041416,79,0.298,0.276,0.217
"edison","2020-11-04T05:34:01Z",2020,11,4,5,34,1,1604496841,4041498,79,0.298,0.276,0.217
"edison","2020-11-04T05:35:30Z",2020,11,4,5,35,30,1604496930,4082534,80,0.298,0.276,0.216
"edison","2020-11-04T05:37:31Z",2020,11,4,5,37,31,1604497051,4082649,80,0.298,0.276,0.216
"edison","2020-11-04T05:43:40Z",2020,11,4,5,43,40,1604497420,4082702,80,0.298,0.276,0.216
"edison","2020-11-04T05:51:50Z",2020,11,4,5,51,50,1604497910,4108541,80,0.299,0.276,0.216
"edison","2020-11-04T05:55:11Z",2020,11,4,5,55,11,1604498111,4184161,82,0.301,0.274,0.215
"edison","2020-11-04T05:57:38Z",2020,11,4,5,57,38,1604498258,4216042,82,0.304,0.273,0.213
"edison","2020-11-04T05:58:03Z",2020,11,4,5,58,3,1604498283,4234465,83,0.304,0.273,0.213
"edison","2020-11-04T06:01:12Z",2020,11,4,6,1,12,1604498472,4261501,83,0.305,0.272,0.212
"edison","2020-11-04T06:06:07Z",2020,11,4,6,6,7,1604498767,4269561,83,0.305,0.272,0.212
"edison","2020-11-04T06:19:49Z",2020,11,4,6,19,49,1604499589,4296535,84,0.305,0.273,0.213
"edison","2020-11-04T06:21:50Z",2020,11,4,6,21,50,1604499710,4325460,84,0.304,0.273,0.213
"edison","2020-11-04T06:23:49Z",2020,11,4,6,23,49,1604499829,4387552,86,0.306,0.272,0.211
"edison","2020-11-04T06:32:50Z",2020,11,4,6,32,50,1604500370,4388209,86,0.306,0.272,0.211
"edison","2020-11-04T06:34:49Z",2020,11,4,6,34,49,1604500489,4549929,89,0.317,0.266,0.206
"edison","2020-11-04T06:36:50Z",2020,11,4,6,36,50,1604500610,4593988,90,0.317,0.265,0.205
"edison","2020-11-04T07:04:51Z",2020,11,4,7,4,51,1604502291,4594271,90,0.317,0.265,0.205
"edison","2020-11-04T07:05:51Z",2020,11,4,7,5,51,1604502351,4596760,90,0.317,0.265,0.205
"edison","2020-11-04T07:46:55Z",2020,11,4,7,46,55,1604504815,4597320,90,0.317,0.265,0.205
"edison","2020-11-04T07:58:51Z",2020,11,4,7,58,51,1604505531,4597491,90,0.318,0.265,0.205
"edison","2020-11-04T08:33:49Z",2020,11,4,8,33,49,1604507629,4598967,90,0.317,0.265,0.205
"edison","2020-11-04T13:59:53Z",2020,11,4,13,59,53,1604527193,4643892,91,0.319,0.265,0.204
"edison","2020-11-04T16:32:55Z",2020,11,4,16,32,55,1604536375,4644386,91,0.319,0.265,0.204
"edison","2020-11-04T16:34:54Z",2020,11,4,16,34,54,1604536494,4646453,91,0.319,0.265,0.204
"edison","2020-11-04T16:35:51Z",2020,11,4,16,35,51,1604536551,4647634,91,0.319,0.265,0.204
"edison","2020-11-04T17:12:53Z",2020,11,4,17,12,53,1604538773,4666593,91,0.32,0.264,0.204
"edison","2020-11-04T17:39:53Z",2020,11,4,17,39,53,1604540393,4666833,91,0.32,0.264,0.204
"edison","2020-11-04T17:43:50Z",2020,11,4,17,43,50,1604540630,4669222,91,0.32,0.264,0.204
"edison","2020-11-04T17:48:51Z",2020,11,4,17,48,51,1604540931,4671561,91,0.321,0.264,0.203
"edison","2020-11-04T18:30:58Z",2020,11,4,18,30,58,1604543458,4675634,91,0.321,0.264,0.203
"edison","2020-11-04T18:34:52Z",2020,11,4,18,34,52,1604543692,4675636,91,0.321,0.264,0.203
"edison","2020-11-04T19:10:52Z",2020,11,4,19,10,52,1604545852,4676128,91,0.321,0.264,0.203
"edison","2020-11-04T19:26:51Z",2020,11,4,19,26,51,1604546811,4676414,91,0.321,0.264,0.203
"edison","2020-11-04T19:30:51Z",2020,11,4,19,30,51,1604547051,4676486,91,0.321,0.264,0.203
"edison","2020-11-04T19:34:51Z",2020,11,4,19,34,51,1604547291,4677271,91,0.321,0.264,0.203
"edison","2020-11-04T19:42:51Z",2020,11,4,19,42,51,1604547771,4683089,91,0.321,0.264,0.203
"edison","2020-11-04T20:12:54Z",2020,11,4,20,12,54,1604549574,4687862,91,0.321,0.263,0.203
"edison","2020-11-04T20:32:50Z",2020,11,4,20,32,50,1604550770,4687863,91,0.321,0.263,0.203
"edison","2020-11-04T20:39:50Z",2020,11,4,20,39,50,1604551190,4687900,91,0.321,0.263,0.203
"edison","2020-11-04T20:47:51Z",2020,11,4,20,47,51,1604551671,4687901,91,0.321,0.263,0.203
"edison","2020-11-04T20:49:54Z",2020,11,4,20,49,54,1604551794,4694343,92,0.321,0.263,0.203
"edison","2020-11-04T20:51:52Z",2020,11,4,20,51,52,1604551912,4697687,92,0.321,0.263,0.203
"edison","2020-11-04T21:11:53Z",2020,11,4,21,11,53,1604553113,4698011,92,0.321,0.263,0.203
"edison","2020-11-04T21:28:53Z",2020,11,4,21,28,53,1604554133,4698688,92,0.321,0.263,0.203
"edison","2020-11-04T21:31:52Z",2020,11,4,21,31,52,1604554312,4699290,92,0.321,0.263,0.203
"edison","2020-11-04T21:43:53Z",2020,11,4,21,43,53,1604555033,4715846,92,0.322,0.263,0.203
"edison","2020-11-04T21:54:51Z",2020,11,4,21,54,51,1604555691,4717454,92,0.322,0.263,0.203
"edison","2020-11-04T22:24:51Z",2020,11,4,22,24,51,1604557491,4717456,92,0.322,0.263,0.203
"edison","2020-11-04T22:39:51Z",2020,11,4,22,39,51,1604558391,4718553,92,0.322,0.263,0.203
"edison","2020-11-04T22:51:51Z",2020,11,4,22,51,51,1604559111,4728407,92,0.323,0.263,0.203
"edison","2020-11-04T22:53:50Z",2020,11,4,22,53,50,1604559230,4732881,92,0.323,0.263,0.203
"edison","2020-11-04T22:55:51Z",2020,11,4,22,55,51,1604559351,4735584,92,0.323,0.263,0.203
"edison","2020-11-04T22:57:45Z",2020,11,4,22,57,45,1604559465,4744697,92,0.323,0.262,0.203
"edison","2020-11-04T23:01:17Z",2020,11,4,23,1,17,1604559677,4751182,93,0.323,0.262,0.202
"edison","2020-11-04T23:09:09Z",2020,11,4,23,9,9,1604560149,4752510,93,0.323,0.262,0.202
"edison","2020-11-04T23:10:56Z",2020,11,4,23,10,56,1604560256,4753000,93,0.323,0.262,0.202
"edison","2020-11-05T00:00:53Z",2020,11,5,0,0,53,1604563253,4754586,93,0.323,0.262,0.202
"edison","2020-11-05T00:24:52Z",2020,11,5,0,24,52,1604564692,4759968,93,0.323,0.262,0.202
"edison","2020-11-05T00:26:14Z",2020,11,5,0,26,14,1604564774,4776297,93,0.324,0.262,0.202
"edison","2020-11-05T00:27:50Z",2020,11,5,0,27,50,1604564870,4777312,93,0.324,0.262,0.202
"edison","2020-11-05T00:28:32Z",2020,11,5,0,28,32,1604564912,4778112,93,0.324,0.262,0.202
"edison","2020-11-05T00:49:52Z",2020,11,5,0,49,52,1604566192,4780028,93,0.324,0.262,0.202
"edison","2020-11-05T00:57:49Z",2020,11,5,0,57,49,1604566669,4780729,93,0.324,0.262,0.202
"edison","2020-11-05T01:27:50Z",2020,11,5,1,27,50,1604568470,4795209,93,0.325,0.261,0.202
"edison","2020-11-05T01:30:38Z",2020,11,5,1,30,38,1604568638,4795495,93,0.325,0.261,0.202
"edison","2020-11-05T01:33:52Z",2020,11,5,1,33,52,1604568832,4795503,93,0.325,0.261,0.202
"edison","2020-11-05T01:59:46Z",2020,11,5,1,59,46,1604570386,4795934,93,0.325,0.261,0.202
"edison","2020-11-05T02:16:50Z",2020,11,5,2,16,50,1604571410,4797319,94,0.325,0.261,0.201
"edison","2020-11-05T03:00:29Z",2020,11,5,3,0,29,1604574029,4803843,94,0.325,0.261,0.201
"edison","2020-11-05T03:45:45Z",2020,11,5,3,45,45,1604576745,4802387,94,0.325,0.261,0.201
"edison","2020-11-05T05:23:54Z",2020,11,5,5,23,54,1604582634,4806618,94,0.326,0.261,0.201
"edison","2020-11-05T07:15:32Z",2020,11,5,7,15,32,1604589332,4816821,94,0.326,0.261,0.201
"edison","2020-11-05T11:30:48Z",2020,11,5,11,30,48,1604604648,4825079,94,0.327,0.261,0.201
"edison","2020-11-05T13:44:46Z",2020,11,5,13,44,46,1604612686,4825081,94,0.327,0.261,0.201
"edison","2020-11-05T14:00:42Z",2020,11,5,14,0,42,1604613642,4825083,94,0.327,0.261,0.201
"edison","2020-11-05T14:45:47Z",2020,11,5,14,45,47,1604616347,4825337,94,0.327,0.261,0.201
"edison","2020-11-05T14:49:49Z",2020,11,5,14,49,49,1604616589,4825339,94,0.327,0.261,0.201
"edison","2020-11-05T15:45:31Z",2020,11,5,15,45,31,1604619931,4826497,94,0.327,0.261,0.201
"edison","2020-11-05T15:48:46Z",2020,11,5,15,48,46,1604620126,4826501,94,0.327,0.261,0.201
"edison","2020-11-05T16:40:08Z",2020,11,5,16,40,8,1604623208,4832983,94,0.327,0.261,0.201
"edison","2020-11-05T16:44:38Z",2020,11,5,16,44,38,1604623478,4832983,96,0.327,0.261,0.201
"edison","2020-11-05T16:45:27Z",2020,11,5,16,45,27,1604623527,4833175,96,0.327,0.261,0.201
"edison","2020-11-05T17:14:46Z",2020,11,5,17,14,46,1604625286,4833750,96,0.327,0.261,0.201
"edison","2020-11-05T17:15:31Z",2020,11,5,17,15,31,1604625331,4836868,96,0.327,0.261,0.201
"edison","2020-11-05T17:45:30Z",2020,11,5,17,45,30,1604627130,4837639,96,0.327,0.26,0.201
"edison","2020-11-05T17:48:47Z",2020,11,5,17,48,47,1604627327,4837640,96,0.327,0.26,0.201
"edison","2020-11-05T18:45:32Z",2020,11,5,18,45,32,1604630732,4837688,96,0.327,0.26,0.201
"edison","2020-11-05T19:15:31Z",2020,11,5,19,15,31,1604632531,4838325,96,0.327,0.26,0.201
"edison","2020-11-05T19:17:11Z",2020,11,5,19,17,11,1604632631,4838611,96,0.327,0.26,0.201
"edison","2020-11-05T19:32:43Z",2020,11,5,19,32,43,1604633563,4839182,96,0.327,0.26,0.201
"edison","2020-11-05T19:38:40Z",2020,11,5,19,38,40,1604633920,4839195,96,0.327,0.26,0.201
"edison","2020-11-05T20:02:40Z",2020,11,5,20,2,40,1604635360,4839214,96,0.327,0.26,0.201
"edison","2020-11-05T20:27:40Z",2020,11,5,20,27,40,1604636860,4842747,96,0.327,0.26,0.201
"edison","2020-11-05T20:35:41Z",2020,11,5,20,35,41,1604637341,4842795,96,0.327,0.26,0.201
"edison","2020-11-05T21:00:48Z",2020,11,5,21,0,48,1604638848,4842797,96,0.327,0.26,0.201
"edison","2020-11-05T21:10:41Z",2020,11,5,21,10,41,1604639441,4842805,96,0.327,0.26,0.201
"edison","2020-11-05T21:30:40Z",2020,11,5,21,30,40,1604640640,4842809,96,0.327,0.26,0.201
"edison","2020-11-05T21:47:40Z",2020,11,5,21,47,40,1604641660,4842817,96,0.327,0.26,0.201
"edison","2020-11-05T22:20:44Z",2020,11,5,22,20,44,1604643644,4843045,96,0.327,0.26,0.201
"edison","2020-11-05T22:39:40Z",2020,11,5,22,39,40,1604644780,4843078,96,0.327,0.26,0.201
"edison","2020-11-05T23:05:50Z",2020,11,5,23,5,50,1604646350,4843412,96,0.327,0.26,0.201
"edison","2020-11-05T23:58:42Z",2020,11,5,23,58,42,1604649522,4860277,97,0.328,0.26,0.2
"edison","2020-11-06T00:21:41Z",2020,11,6,0,21,41,1604650901,4862973,97,0.328,0.26,0.2
"edison","2020-11-06T01:59:43Z",2020,11,6,1,59,43,1604656783,4864281,97,0.328,0.26,0.2
"edison","2020-11-06T02:32:42Z",2020,11,6,2,32,42,1604658762,4865185,97,0.328,0.26,0.2
"edison","2020-11-06T03:04:41Z",2020,11,6,3,4,41,1604660681,4865503,97,0.328,0.26,0.2
"edison","2020-11-06T03:27:44Z",2020,11,6,3,27,44,1604662064,4865537,97,0.328,0.26,0.2
"edison","2020-11-06T04:08:40Z",2020,11,6,4,8,40,1604664520,4866827,97,0.328,0.26,0.2
"edison","2020-11-06T07:07:53Z",2020,11,6,7,7,53,1604675273,4867491,97,0.328,0.26,0.2
"edison","2020-11-06T11:28:54Z",2020,11,6,11,28,54,1604690934,4870595,97,0.328,0.26,0.2
"edison","2020-11-06T12:51:00Z",2020,11,6,12,51,0,1604695860,4878148,97,0.329,0.26,0.2
"edison","2020-11-06T13:06:43Z",2020,11,6,13,6,43,1604696803,4878149,97,0.329,0.26,0.2
"edison","2020-11-06T14:18:40Z",2020,11,6,14,18,40,1604701120,4878160,97,0.329,0.26,0.2
"edison","2020-11-06T14:55:40Z",2020,11,6,14,55,40,1604703340,4878163,97,0.329,0.26,0.2
"edison","2020-11-06T15:34:41Z",2020,11,6,15,34,41,1604705681,4878737,97,0.329,0.26,0.2
"edison","2020-11-06T15:57:40Z",2020,11,6,15,57,40,1604707060,4878780,97,0.329,0.26,0.2
"edison","2020-11-06T16:23:48Z",2020,11,6,16,23,48,1604708628,4878793,97,0.329,0.26,0.2
"edison","2020-11-06T16:28:43Z",2020,11,6,16,28,43,1604708923,4878795,97,0.329,0.26,0.2
"edison","2020-11-06T16:46:40Z",2020,11,6,16,46,40,1604710000,4878801,97,0.329,0.26,0.2
"edison","2020-11-06T17:14:41Z",2020,11,6,17,14,41,1604711681,4878814,97,0.329,0.26,0.2
"edison","2020-11-06T17:24:39Z",2020,11,6,17,24,39,1604712279,4878866,97,0.329,0.26,0.2
"edison","2020-11-06T17:25:41Z",2020,11,6,17,25,41,1604712341,4878871,97,0.329,0.26,0.2
"edison","2020-11-06T17:31:40Z",2020,11,6,17,31,40,1604712700,4878873,97,0.329,0.26,0.2
"edison","2020-11-06T17:38:40Z",2020,11,6,17,38,40,1604713120,4878883,97,0.329,0.26,0.2
"edison","2020-11-06T18:01:47Z",2020,11,6,18,1,47,1604714507,4878884,97,0.329,0.26,0.2
"edison","2020-11-06T18:18:40Z",2020,11,6,18,18,40,1604715520,4878896,97,0.329,0.26,0.2
"edison","2020-11-06T18:36:40Z",2020,11,6,18,36,40,1604716600,4878897,97,0.329,0.26,0.2
"edison","2020-11-06T18:43:40Z",2020,11,6,18,43,40,1604717020,4878898,97,0.329,0.26,0.2
"edison","2020-11-06T18:50:40Z",2020,11,6,18,50,40,1604717440,4878899,97,0.329,0.26,0.2
"edison","2020-11-06T19:01:45Z",2020,11,6,19,1,45,1604718105,4878910,97,0.329,0.26,0.2
"edison","2020-11-06T19:04:40Z",2020,11,6,19,4,40,1604718280,4878922,97,0.329,0.26,0.2
"edison","2020-11-06T19:09:41Z",2020,11,6,19,9,41,1604718581,4878933,97,0.329,0.26,0.2
"edison","2020-11-06T19:40:41Z",2020,11,6,19,40,41,1604720441,4879233,97,0.329,0.26,0.2
"edison","2020-11-06T19:46:40Z",2020,11,6,19,46,40,1604720800,4879245,97,0.329,0.26,0.2
"edison","2020-11-06T19:56:42Z",2020,11,6,19,56,42,1604721402,4879247,97,0.329,0.26,0.2
"edison","2020-11-06T20:06:40Z",2020,11,6,20,6,40,1604722000,4879254,97,0.329,0.26,0.2
"edison","2020-11-06T20:20:40Z",2020,11,6,20,20,40,1604722840,4879259,97,0.329,0.26,0.2
"edison","2020-11-06T20:22:42Z",2020,11,6,20,22,42,1604722962,4879273,97,0.329,0.26,0.2
"edison","2020-11-06T20:23:40Z",2020,11,6,20,23,40,1604723020,4879279,97,0.329,0.26,0.2
"edison","2020-11-06T20:30:44Z",2020,11,6,20,30,44,1604723444,4879280,97,0.329,0.26,0.2
"edison","2020-11-06T20:36:40Z",2020,11,6,20,36,40,1604723800,4879282,97,0.329,0.26,0.2
"edison","2020-11-06T20:37:40Z",2020,11,6,20,37,40,1604723860,4879283,97,0.329,0.26,0.2
"edison","2020-11-06T20:59:39Z",2020,11,6,20,59,39,1604725179,4879393,97,0.329,0.26,0.2
"edison","2020-11-06T21:05:40Z",2020,11,6,21,5,40,1604725540,4879404,97,0.329,0.26,0.2
"edison","2020-11-06T21:11:39Z",2020,11,6,21,11,39,1604725899,4879415,97,0.329,0.26,0.2
"edison","2020-11-06T21:12:40Z",2020,11,6,21,12,40,1604725960,4879426,97,0.329,0.26,0.2
"edison","2020-11-06T21:16:42Z",2020,11,6,21,16,42,1604726202,4879432,97,0.329,0.26,0.2
"edison","2020-11-06T21:19:42Z",2020,11,6,21,19,42,1604726382,4879464,97,0.329,0.26,0.2
"edison","2020-11-06T21:34:41Z",2020,11,6,21,34,41,1604727281,4879477,97,0.329,0.26,0.2
"edison","2020-11-06T21:35:41Z",2020,11,6,21,35,41,1604727341,4879483,97,0.329,0.26,0.2
"edison","2020-11-06T21:49:41Z",2020,11,6,21,49,41,1604728181,4879486,97,0.329,0.26,0.2
"edison","2020-11-06T21:50:41Z",2020,11,6,21,50,41,1604728241,4879523,97,0.329,0.26,0.2
"edison","2020-11-06T21:51:41Z",2020,11,6,21,51,41,1604728301,4879552,97,0.329,0.26,0.2
"edison","2020-11-06T21:53:42Z",2020,11,6,21,53,42,1604728422,4879553,97,0.329,0.26,0.2
"edison","2020-11-06T21:55:39Z",2020,11,6,21,55,39,1604728539,4879554,97,0.329,0.26,0.2
"edison","2020-11-06T21:57:40Z",2020,11,6,21,57,40,1604728660,4879584,97,0.329,0.26,0.2
"edison","2020-11-06T21:59:41Z",2020,11,6,21,59,41,1604728781,4879603,97,0.329,0.26,0.2
"edison","2020-11-06T22:00:40Z",2020,11,6,22,0,40,1604728840,4886360,97,0.329,0.26,0.2
"edison","2020-11-06T22:01:41Z",2020,11,6,22,1,41,1604728901,4886388,97,0.329,0.26,0.2
"edison","2020-11-06T22:05:44Z",2020,11,6,22,5,44,1604729144,4886396,97,0.329,0.26,0.2
"edison","2020-11-06T22:08:41Z",2020,11,6,22,8,41,1604729321,4886404,97,0.329,0.26,0.2
"edison","2020-11-06T22:10:42Z",2020,11,6,22,10,42,1604729442,4886449,97,0.329,0.26,0.2
"edison","2020-11-06T22:11:40Z",2020,11,6,22,11,40,1604729500,4886466,97,0.329,0.26,0.2
"edison","2020-11-06T22:12:40Z",2020,11,6,22,12,40,1604729560,4886473,97,0.329,0.26,0.2
"edison","2020-11-06T22:15:43Z",2020,11,6,22,15,43,1604729743,4886506,97,0.329,0.26,0.2
"edison","2020-11-06T22:17:41Z",2020,11,6,22,17,41,1604729861,4886510,97,0.329,0.26,0.2
"edison","2020-11-06T22:18:41Z",2020,11,6,22,18,41,1604729921,4886544,97,0.329,0.26,0.2
"edison","2020-11-06T22:19:40Z",2020,11,6,22,19,40,1604729980,4886559,97,0.329,0.26,0.2
"edison","2020-11-06T22:20:45Z",2020,11,6,22,20,45,1604730045,4886894,97,0.329,0.26,0.2
"edison","2020-11-06T22:24:42Z",2020,11,6,22,24,42,1604730282,4886952,97,0.329,0.26,0.2
"edison","2020-11-06T22:25:40Z",2020,11,6,22,25,40,1604730340,4886980,97,0.329,0.26,0.2
"edison","2020-11-06T22:28:41Z",2020,11,6,22,28,41,1604730521,4886983,97,0.329,0.26,0.2
"edison","2020-11-06T22:30:41Z",2020,11,6,22,30,41,1604730641,4887009,97,0.329,0.26,0.2
"edison","2020-11-06T22:32:40Z",2020,11,6,22,32,40,1604730760,4887014,97,0.329,0.26,0.2
"edison","2020-11-06T22:35:40Z",2020,11,6,22,35,40,1604730940,4887039,97,0.329,0.26,0.2
"edison","2020-11-06T22:37:40Z",2020,11,6,22,37,40,1604731060,4887053,97,0.329,0.26,0.2
"edison","2020-11-06T22:47:41Z",2020,11,6,22,47,41,1604731661,4887063,97,0.329,0.26,0.2
"edison","2020-11-06T22:49:40Z",2020,11,6,22,49,40,1604731780,4887065,97,0.329,0.26,0.2
"edison","2020-11-06T22:51:40Z",2020,11,6,22,51,40,1604731900,4887086,97,0.329,0.26,0.2
"edison","2020-11-06T22:52:45Z",2020,11,6,22,52,45,1604731965,4887093,97,0.329,0.26,0.2
"edison","2020-11-06T23:06:39Z",2020,11,6,23,6,39,1604732799,4887096,97,0.329,0.26,0.2
"edison","2020-11-06T23:10:40Z",2020,11,6,23,10,40,1604733040,4887110,97,0.329,0.26,0.2
"edison","2020-11-06T23:14:40Z",2020,11,6,23,14,40,1604733280,4887132,97,0.329,0.26,0.2
"edison","2020-11-06T23:17:43Z",2020,11,6,23,17,43,1604733463,4887137,97,0.329,0.26,0.2
"edison","2020-11-06T23:36:39Z",2020,11,6,23,36,39,1604734599,4887141,97,0.329,0.26,0.2
"edison","2020-11-06T23:41:44Z",2020,11,6,23,41,44,1604734904,4887148,97,0.329,0.26,0.2
"edison","2020-11-06T23:45:40Z",2020,11,6,23,45,40,1604735140,4887366,97,0.329,0.26,0.2
"edison","2020-11-06T23:57:40Z",2020,11,6,23,57,40,1604735860,4887409,97,0.329,0.26,0.2
"edison","2020-11-07T00:02:40Z",2020,11,7,0,2,40,1604736160,4887416,97,0.329,0.26,0.2
"edison","2020-11-07T00:14:40Z",2020,11,7,0,14,40,1604736880,4888525,97,0.329,0.26,0.2
"edison","2020-11-07T00:20:50Z",2020,11,7,0,20,50,1604737250,4888600,97,0.329,0.26,0.2
"edison","2020-11-07T00:33:40Z",2020,11,7,0,33,40,1604738020,4888705,97,0.329,0.26,0.2
"edison","2020-11-07T01:05:51Z",2020,11,7,1,5,51,1604739951,4888927,97,0.329,0.26,0.2
"edison","2020-11-07T01:22:38Z",2020,11,7,1,22,38,1604740958,4888934,97,0.329,0.26,0.2
"edison","2020-11-07T01:27:40Z",2020,11,7,1,27,40,1604741260,4889063,97,0.329,0.26,0.2
"edison","2020-11-07T01:29:40Z",2020,11,7,1,29,40,1604741380,4889115,97,0.329,0.26,0.2
"edison","2020-11-07T02:17:40Z",2020,11,7,2,17,40,1604744260,4889539,97,0.329,0.26,0.2
"edison","2020-11-07T02:20:47Z",2020,11,7,2,20,47,1604744447,4889738,97,0.329,0.26,0.2
"edison","2020-11-07T02:51:40Z",2020,11,7,2,51,40,1604746300,4889888,97,0.329,0.26,0.2
"edison","2020-11-07T05:37:40Z",2020,11,7,5,37,40,1604756260,4889958,97,0.329,0.26,0.2
"edison","2020-11-07T07:44:55Z",2020,11,7,7,44,55,1604763895,4894761,97,0.329,0.259,0.2
"edison","2020-11-07T18:04:54Z",2020,11,7,18,4,54,1604801094,4894844,97,0.329,0.259,0.2
"edison","2020-11-07T18:13:46Z",2020,11,7,18,13,46,1604801626,4894893,97,0.329,0.259,0.2
"edison","2020-11-07T19:21:02Z",2020,11,7,19,21,2,1604805662,4895238,97,0.329,0.259,0.2
"edison","2020-11-07T19:43:45Z",2020,11,7,19,43,45,1604807025,4895352,97,0.329,0.259,0.2
"edison","2020-11-07T23:52:48Z",2020,11,7,23,52,48,1604821968,4897201,97,0.329,0.259,0.2
"edison","2020-11-08T07:21:01Z",2020,11,8,7,21,1,1604848861,4899348,97,0.329,0.259,0.2
"edison","2020-11-08T13:07:52Z",2020,11,8,13,7,52,1604869672,4899349,97,0.329,0.259,0.2
"edison","2020-11-08T19:37:42Z",2020,11,8,19,37,42,1604893062,4899634,98,0.329,0.259,0.2
"edison","2020-11-09T13:37:40Z",2020,11,9,13,37,40,1604957860,4899637,98,0.329,0.259,0.2
"edison","2020-11-09T14:02:40Z",2020,11,9,14,2,40,1604959360,4899875,98,0.329,0.259,0.2
"edison","2020-11-09T14:35:42Z",2020,11,9,14,35,42,1604961342,4899882,98,0.329,0.259,0.2
"edison","2020-11-09T15:54:41Z",2020,11,9,15,54,41,1604966081,4899888,98,0.329,0.259,0.2
"edison","2020-11-09T15:55:41Z",2020,11,9,15,55,41,1604966141,4900416,98,0.329,0.259,0.2
"edison","2020-11-09T16:00:45Z",2020,11,9,16,0,45,1604966445,4900421,98,0.329,0.259,0.2
"edison","2020-11-09T16:02:41Z",2020,11,9,16,2,41,1604966561,4900491,98,0.329,0.259,0.2
"edison","2020-11-09T16:26:41Z",2020,11,9,16,26,41,1604968001,4900563,98,0.329,0.259,0.2
"edison","2020-11-09T16:50:45Z",2020,11,9,16,50,45,1604969445,4900566,98,0.329,0.259,0.2
"edison","2020-11-09T17:00:46Z",2020,11,9,17,0,46,1604970046,4900613,98,0.329,0.259,0.2
"edison","2020-11-09T17:05:41Z",2020,11,9,17,5,41,1604970341,4900616,98,0.329,0.259,0.2
"edison","2020-11-09T17:15:40Z",2020,11,9,17,15,40,1604970940,4900620,98,0.329,0.259,0.2
"edison","2020-11-09T17:26:42Z",2020,11,9,17,26,42,1604971602,4900625,98,0.329,0.259,0.2
"edison","2020-11-09T17:29:41Z",2020,11,9,17,29,41,1604971781,4900634,98,0.329,0.259,0.2
"edison","2020-11-09T17:40:43Z",2020,11,9,17,40,43,1604972443,4900672,98,0.329,0.259,0.2
"edison","2020-11-09T18:09:41Z",2020,11,9,18,9,41,1604974181,4900728,98,0.329,0.259,0.2
"edison","2020-11-09T18:45:44Z",2020,11,9,18,45,44,1604976344,4900750,98,0.329,0.259,0.2
"edison","2020-11-09T19:01:43Z",2020,11,9,19,1,43,1604977303,4900771,98,0.329,0.259,0.2
"edison","2020-11-09T19:24:43Z",2020,11,9,19,24,43,1604978683,4900775,98,0.329,0.259,0.2
"edison","2020-11-09T19:35:41Z",2020,11,9,19,35,41,1604979341,4900799,98,0.329,0.259,0.2
"edison","2020-11-09T20:13:41Z",2020,11,9,20,13,41,1604981621,4900800,98,0.329,0.259,0.2
"edison","2020-11-09T20:43:41Z",2020,11,9,20,43,41,1604983421,4902005,98,0.329,0.259,0.2
"edison","2020-11-09T20:56:42Z",2020,11,9,20,56,42,1604984202,4902225,98,0.329,0.259,0.2
"edison","2020-11-09T21:29:40Z",2020,11,9,21,29,40,1604986180,4902236,98,0.329,0.259,0.2
"edison","2020-11-09T22:10:42Z",2020,11,9,22,10,42,1604988642,4902301,98,0.329,0.259,0.2
"edison","2020-11-09T22:18:41Z",2020,11,9,22,18,41,1604989121,4902303,98,0.329,0.259,0.2
"edison","2020-11-09T22:19:40Z",2020,11,9,22,19,40,1604989180,4902312,98,0.329,0.259,0.2
"edison","2020-11-09T22:28:42Z",2020,11,9,22,28,42,1604989722,4902316,98,0.329,0.259,0.2
"edison","2020-11-09T22:30:41Z",2020,11,9,22,30,41,1604989841,4902676,98,0.329,0.259,0.2
"edison","2020-11-09T22:45:43Z",2020,11,9,22,45,43,1604990743,4902678,98,0.329,0.259,0.2
"edison","2020-11-10T01:29:44Z",2020,11,10,1,29,44,1605000584,4902688,98,0.329,0.259,0.2
"edison","2020-11-10T01:50:44Z",2020,11,10,1,50,44,1605001844,4903930,98,0.329,0.259,0.2
"edison","2020-11-10T13:26:05Z",2020,11,10,13,26,5,1605043565,4904209,98,0.329,0.259,0.2
"edison","2020-11-10T13:43:00Z",2020,11,10,13,43,0,1605044580,4904210,98,0.329,0.259,0.2
"edison","2020-11-10T14:25:48Z",2020,11,10,14,25,48,1605047148,4904215,98,0.329,0.259,0.2
"edison","2020-11-10T14:52:49Z",2020,11,10,14,52,49,1605048769,4904443,98,0.329,0.259,0.2
"edison","2020-11-10T15:48:57Z",2020,11,10,15,48,57,1605052137,4904452,98,0.329,0.259,0.2
"edison","2020-11-10T17:00:56Z",2020,11,10,17,0,56,1605056456,4904453,98,0.329,0.259,0.2
"edison","2020-11-10T18:45:48Z",2020,11,10,18,45,48,1605062748,4904848,98,0.329,0.259,0.2
"edison","2020-11-10T19:59:49Z",2020,11,10,19,59,49,1605067189,4904849,98,0.329,0.259,0.2
"edison","2020-11-10T20:02:48Z",2020,11,10,20,2,48,1605067368,4904854,98,0.329,0.259,0.2
"edison","2020-11-10T20:10:53Z",2020,11,10,20,10,53,1605067853,4904867,98,0.329,0.259,0.2
"edison","2020-11-10T20:22:50Z",2020,11,10,20,22,50,1605068570,4905000,98,0.329,0.259,0.2
"edison","2020-11-10T21:09:49Z",2020,11,10,21,9,49,1605071389,4905017,98,0.329,0.259,0.2
"edison","2020-11-10T21:17:48Z",2020,11,10,21,17,48,1605071868,4905020,98,0.329,0.259,0.2
"edison","2020-11-10T23:27:54Z",2020,11,10,23,27,54,1605079674,4905022,98,0.329,0.259,0.2
"edison","2020-11-10T23:40:51Z",2020,11,10,23,40,51,1605080451,4905142,98,0.329,0.259,0.2
"edison","2020-11-11T00:10:52Z",2020,11,11,0,10,52,1605082252,4907600,98,0.329,0.259,0.199
"edison","2020-11-11T12:34:08Z",2020,11,11,12,34,8,1605126848,4907668,98,0.329,0.259,0.199
"edison","2020-11-11T13:41:00Z",2020,11,11,13,41,0,1605130860,4907678,98,0.329,0.259,0.199
"edison","2020-11-11T15:22:09Z",2020,11,11,15,22,9,1605136929,4907679,98,0.329,0.259,0.199
"edison","2020-11-11T19:06:53Z",2020,11,11,19,6,53,1605150413,4907778,98,0.329,0.259,0.199
"edison","2020-11-11T22:31:48Z",2020,11,11,22,31,48,1605162708,4907860,98,0.329,0.259,0.199
"edison","2020-11-12T18:55:49Z",2020,11,12,18,55,49,1605236149,4907861,98,0.329,0.259,0.199
"edison","2020-11-12T23:57:58Z",2020,11,12,23,57,58,1605254278,4907978,98,0.329,0.259,0.199
"edison","2020-11-13T01:21:50Z",2020,11,13,1,21,50,1605259310,4908103,98,0.329,0.259,0.199
"edison","2020-11-13T17:20:50Z",2020,11,13,17,20,50,1605316850,4908110,98,0.329,0.259,0.199
"edison","2020-11-13T18:17:49Z",2020,11,13,18,17,49,1605320269,4908111,98,0.329,0.259,0.199
"edison","2020-11-13T20:40:50Z",2020,11,13,20,40,50,1605328850,4908113,98,0.329,0.259,0.199
"edison","2020-11-16T18:47:58Z",2020,11,16,18,47,58,1605581278,4908153,98,0.329,0.259,0.199
"edison","2020-11-17T19:30:51Z",2020,11,17,19,30,51,1605670251,4908425,98,0.329,0.259,0.199
"edison","2020-11-18T17:50:45Z",2020,11,18,17,50,45,1605750645,4908712,98,0.329,0.259,0.199
"edison","2020-11-19T17:01:01Z",2020,11,19,17,1,1,1605834061,4911403,98,0.329,0.259,0.199
"edison","2020-11-20T14:20:51Z",2020,11,20,14,20,51,1605910851,4914441,98,0.329,0.259,0.2
"edison","2020-11-20T17:20:46Z",2020,11,20,17,20,46,1605921646,4914534,98,0.329,0.259,0.2
"edison","2020-11-21T16:00:29Z",2020,11,21,16,0,29,1606003229,4914500,98,0.329,0.259,0.2
"edison","2020-11-21T16:03:06Z",2020,11,21,16,3,6,1606003386,4914499,98,0.329,0.259,0.2
"edison","2020-11-21T16:10:14Z",2020,11,21,16,10,14,1606003814,4914334,98,0.329,0.259,0.2
"edison","2020-11-23T13:27:10Z",2020,11,23,13,27,10,1606166830,4914330,98,0.329,0.259,0.2
"edison","2020-11-23T13:30:04Z",2020,11,23,13,30,4,1606167004,4914336,98,0.329,0.259,0.2
"edison","2020-11-23T13:33:28Z",2020,11,23,13,33,28,1606167208,4914533,98,0.329,0.259,0.2
"edison","2020-11-23T13:34:47Z",2020,11,23,13,34,47,1606167287,4914523,98,0.329,0.259,0.2
"edison","2020-11-23T13:37:35Z",2020,11,23,13,37,35,1606167455,4914425,98,0.329,0.259,0.2
"edison","2020-11-23T13:41:40Z",2020,11,23,13,41,40,1606167700,4914395,98,0.329,0.259,0.2
"edison","2020-11-23T13:48:28Z",2020,11,23,13,48,28,1606168108,4914394,98,0.329,0.259,0.2
"edison","2020-11-23T13:50:46Z",2020,11,23,13,50,46,1606168246,4914395,98,0.329,0.259,0.2
